범죄대분류,범죄중분류,시도,세부지역,지역원본,발생건수
강력범죄,살인기수,서울,,서울,45
강력범죄,살인미수등,서울,,서울,89
강력범죄,강도,서울,,서울,133
강력범죄,강간,서울,,서울,1254
강력범죄,유사강간,서울,,서울,171
강력범죄,강제추행,서울,,서울,4981
강력범죄,기타강간강제추행등,서울,,서울,52
강력범죄,방화,서울,,서울,252
절도범죄,절도범죄,서울,,서울,42224
폭력범죄,상해,서울,,서울,4598
폭력범죄,폭행,서울,,서울,32893
폭력범죄,체포감금,서울,,서울,192
폭력범죄,협박,서울,,서울,3803
폭력범죄,약취유인,서울,,서울,60
폭력범죄,폭력행위등,서울,,서울,1547
폭력범죄,공갈,서울,,서울,959
폭력범죄,손괴,서울,,서울,10636
지능범죄,직무유기,서울,,서울,143
지능범죄,직권남용,서울,,서울,201
지능범죄,증수뢰,서울,,서울,60
지능범죄,통화,서울,,서울,418
지능범죄,문서인장,서울,,서울,2415
지능범죄,유가증권인지,서울,,서울,56
지능범죄,사기,서울,,서울,57563
지능범죄,횡령,서울,,서울,16963
지능범죄,배임,서울,,서울,1038
풍속범죄,성풍속범죄,서울,,서울,3834
풍속범죄,도박범죄,서울,,서울,1059
특별경제범죄,특별경제범죄,서울,,서울,12823
마약범죄,마약범죄,서울,,서울,1884
보건범죄,보건범죄,서울,,서울,3424
환경범죄,환경범죄,서울,,서울,89
교통범죄,교통범죄,서울,,서울,55273
노동범죄,노동범죄,서울,,서울,96
안보범죄,안보범죄,서울,,서울,102
선거범죄,선거범죄,서울,,서울,27
병역범죄,병역범죄,서울,,서울,2986
기타범죄,기타범죄,서울,,서울,41566
강력범죄,살인기수,부산,,부산,22
강력범죄,살인미수등,부산,,부산,42
강력범죄,강도,부산,,부산,81
강력범죄,강간,부산,,부산,297
강력범죄,유사강간,부산,,부산,48
강력범죄,강제추행,부산,,부산,1111
강력범죄,기타강간강제추행등,부산,,부산,15
강력범죄,방화,부산,,부산,100
절도범죄,절도범죄,부산,,부산,14497
폭력범죄,상해,부산,,부산,3450
폭력범죄,폭행,부산,,부산,10915
폭력범죄,체포감금,부산,,부산,59
폭력범죄,협박,부산,,부산,1450
폭력범죄,약취유인,부산,,부산,16
폭력범죄,폭력행위등,부산,,부산,629
폭력범죄,공갈,부산,,부산,343
폭력범죄,손괴,부산,,부산,3806
지능범죄,직무유기,부산,,부산,68
지능범죄,직권남용,부산,,부산,52
지능범죄,증수뢰,부산,,부산,18
지능범죄,통화,부산,,부산,29
지능범죄,문서인장,부산,,부산,913
지능범죄,유가증권인지,부산,,부산,11
지능범죄,사기,부산,,부산,26061
지능범죄,횡령,부산,,부산,3859
지능범죄,배임,부산,,부산,346
풍속범죄,성풍속범죄,부산,,부산,946
풍속범죄,도박범죄,부산,,부산,827
특별경제범죄,특별경제범죄,부산,,부산,3877
마약범죄,마약범죄,부산,,부산,716
보건범죄,보건범죄,부산,,부산,1664
환경범죄,환경범죄,부산,,부산,221
교통범죄,교통범죄,부산,,부산,20433
노동범죄,노동범죄,부산,,부산,30
안보범죄,안보범죄,부산,,부산,5
선거범죄,선거범죄,부산,,부산,20
병역범죄,병역범죄,부산,,부산,576
기타범죄,기타범죄,부산,,부산,21714
강력범죄,살인기수,대구,,대구,14
강력범죄,살인미수등,대구,,대구,27
강력범죄,강도,대구,,대구,31
강력범죄,강간,대구,,대구,215
강력범죄,유사강간,대구,,대구,39
강력범죄,강제추행,대구,,대구,696
강력범죄,기타강간강제추행등,대구,,대구,11
강력범죄,방화,대구,,대구,62
절도범죄,절도범죄,대구,,대구,9249
폭력범죄,상해,대구,,대구,2233
폭력범죄,폭행,대구,,대구,6842
폭력범죄,체포감금,대구,,대구,62
폭력범죄,협박,대구,,대구,921
폭력범죄,약취유인,대구,,대구,2
폭력범죄,폭력행위등,대구,,대구,371
폭력범죄,공갈,대구,,대구,161
폭력범죄,손괴,대구,,대구,2795
지능범죄,직무유기,대구,,대구,21
지능범죄,직권남용,대구,,대구,21
지능범죄,증수뢰,대구,,대구,6
지능범죄,통화,대구,,대구,23
지능범죄,문서인장,대구,,대구,561
지능범죄,유가증권인지,대구,,대구,5
지능범죄,사기,대구,,대구,14852
지능범죄,횡령,대구,,대구,2595
지능범죄,배임,대구,,대구,134
풍속범죄,성풍속범죄,대구,,대구,580
풍속범죄,도박범죄,대구,,대구,417
특별경제범죄,특별경제범죄,대구,,대구,2187
마약범죄,마약범죄,대구,,대구,295
보건범죄,보건범죄,대구,,대구,334
환경범죄,환경범죄,대구,,대구,22
교통범죄,교통범죄,대구,,대구,21012
노동범죄,노동범죄,대구,,대구,20
안보범죄,안보범죄,대구,,대구,2
선거범죄,선거범죄,대구,,대구,22
병역범죄,병역범죄,대구,,대구,417
기타범죄,기타범죄,대구,,대구,8450
강력범죄,살인기수,인천,,인천,20
강력범죄,살인미수등,인천,,인천,28
강력범죄,강도,인천,,인천,60
강력범죄,강간,인천,,인천,327
강력범죄,유사강간,인천,,인천,46
강력범죄,강제추행,인천,,인천,1181
강력범죄,기타강간강제추행등,인천,,인천,14
강력범죄,방화,인천,,인천,73
절도범죄,절도범죄,인천,,인천,10134
폭력범죄,상해,인천,,인천,1634
폭력범죄,폭행,인천,,인천,12212
폭력범죄,체포감금,인천,,인천,117
폭력범죄,협박,인천,,인천,1287
폭력범죄,약취유인,인천,,인천,11
폭력범죄,폭력행위등,인천,,인천,565
폭력범죄,공갈,인천,,인천,366
폭력범죄,손괴,인천,,인천,3471
지능범죄,직무유기,인천,,인천,18
지능범죄,직권남용,인천,,인천,17
지능범죄,증수뢰,인천,,인천,7
지능범죄,통화,인천,,인천,127
지능범죄,문서인장,인천,,인천,612
지능범죄,유가증권인지,인천,,인천,8
지능범죄,사기,인천,,인천,16201
지능범죄,횡령,인천,,인천,4161
지능범죄,배임,인천,,인천,167
풍속범죄,성풍속범죄,인천,,인천,896
풍속범죄,도박범죄,인천,,인천,495
특별경제범죄,특별경제범죄,인천,,인천,3227
마약범죄,마약범죄,인천,,인천,709
보건범죄,보건범죄,인천,,인천,556
환경범죄,환경범죄,인천,,인천,163
교통범죄,교통범죄,인천,,인천,17749
노동범죄,노동범죄,인천,,인천,27
안보범죄,안보범죄,인천,,인천,2
선거범죄,선거범죄,인천,,인천,13
병역범죄,병역범죄,인천,,인천,981
기타범죄,기타범죄,인천,,인천,15665
강력범죄,살인기수,광주,,광주,11
강력범죄,살인미수등,광주,,광주,5
강력범죄,강도,광주,,광주,27
강력범죄,강간,광주,,광주,185
강력범죄,유사강간,광주,,광주,24
강력범죄,강제추행,광주,,광주,453
강력범죄,기타강간강제추행등,광주,,광주,6
강력범죄,방화,광주,,광주,42
절도범죄,절도범죄,광주,,광주,4922
폭력범죄,상해,광주,,광주,1013
폭력범죄,폭행,광주,,광주,5207
폭력범죄,체포감금,광주,,광주,52
폭력범죄,협박,광주,,광주,542
폭력범죄,약취유인,광주,,광주,4
폭력범죄,폭력행위등,광주,,광주,254
폭력범죄,공갈,광주,,광주,110
폭력범죄,손괴,광주,,광주,1501
지능범죄,직무유기,광주,,광주,17
지능범죄,직권남용,광주,,광주,18
지능범죄,증수뢰,광주,,광주,6
지능범죄,통화,광주,,광주,11
지능범죄,문서인장,광주,,광주,316
지능범죄,유가증권인지,광주,,광주,1
지능범죄,사기,광주,,광주,7654
지능범죄,횡령,광주,,광주,1556
지능범죄,배임,광주,,광주,72
풍속범죄,성풍속범죄,광주,,광주,303
풍속범죄,도박범죄,광주,,광주,167
특별경제범죄,특별경제범죄,광주,,광주,1385
마약범죄,마약범죄,광주,,광주,76
보건범죄,보건범죄,광주,,광주,274
환경범죄,환경범죄,광주,,광주,15
교통범죄,교통범죄,광주,,광주,12747
노동범죄,노동범죄,광주,,광주,5
안보범죄,안보범죄,광주,,광주,3
선거범죄,선거범죄,광주,,광주,15
병역범죄,병역범죄,광주,,광주,315
기타범죄,기타범죄,광주,,광주,4788
강력범죄,살인기수,대전,,대전,7
강력범죄,살인미수등,대전,,대전,11
강력범죄,강도,대전,,대전,25
강력범죄,강간,대전,,대전,173
강력범죄,유사강간,대전,,대전,30
강력범죄,강제추행,대전,,대전,492
강력범죄,기타강간강제추행등,대전,,대전,16
강력범죄,방화,대전,,대전,48
절도범죄,절도범죄,대전,,대전,5855
폭력범죄,상해,대전,,대전,948
폭력범죄,폭행,대전,,대전,4723
폭력범죄,체포감금,대전,,대전,33
폭력범죄,협박,대전,,대전,660
폭력범죄,약취유인,대전,,대전,5
폭력범죄,폭력행위등,대전,,대전,226
폭력범죄,공갈,대전,,대전,142
폭력범죄,손괴,대전,,대전,1476
지능범죄,직무유기,대전,,대전,14
지능범죄,직권남용,대전,,대전,14
지능범죄,증수뢰,대전,,대전,7
지능범죄,통화,대전,,대전,23
지능범죄,문서인장,대전,,대전,317
지능범죄,유가증권인지,대전,,대전,2
지능범죄,사기,대전,,대전,9171
지능범죄,횡령,대전,,대전,1232
지능범죄,배임,대전,,대전,96
풍속범죄,성풍속범죄,대전,,대전,412
풍속범죄,도박범죄,대전,,대전,126
특별경제범죄,특별경제범죄,대전,,대전,1233
마약범죄,마약범죄,대전,,대전,118
보건범죄,보건범죄,대전,,대전,188
환경범죄,환경범죄,대전,,대전,16
교통범죄,교통범죄,대전,,대전,11898
노동범죄,노동범죄,대전,,대전,4
안보범죄,안보범죄,대전,,대전,1
선거범죄,선거범죄,대전,,대전,3
병역범죄,병역범죄,대전,,대전,349
기타범죄,기타범죄,대전,,대전,4953
강력범죄,살인기수,울산,,울산,10
강력범죄,살인미수등,울산,,울산,9
강력범죄,강도,울산,,울산,27
강력범죄,강간,울산,,울산,106
강력범죄,유사강간,울산,,울산,22
강력범죄,강제추행,울산,,울산,308
강력범죄,기타강간강제추행등,울산,,울산,15
강력범죄,방화,울산,,울산,19
절도범죄,절도범죄,울산,,울산,3215
폭력범죄,상해,울산,,울산,1027
폭력범죄,폭행,울산,,울산,3087
폭력범죄,체포감금,울산,,울산,37
폭력범죄,협박,울산,,울산,384
폭력범죄,약취유인,울산,,울산,2
폭력범죄,폭력행위등,울산,,울산,194
폭력범죄,공갈,울산,,울산,75
폭력범죄,손괴,울산,,울산,1256
지능범죄,직무유기,울산,,울산,8
지능범죄,직권남용,울산,,울산,8
지능범죄,증수뢰,울산,,울산,8
지능범죄,통화,울산,,울산,13
지능범죄,문서인장,울산,,울산,214
지능범죄,유가증권인지,울산,,울산,1
지능범죄,사기,울산,,울산,6786
지능범죄,횡령,울산,,울산,801
지능범죄,배임,울산,,울산,101
풍속범죄,성풍속범죄,울산,,울산,210
풍속범죄,도박범죄,울산,,울산,321
특별경제범죄,특별경제범죄,울산,,울산,951
마약범죄,마약범죄,울산,,울산,79
보건범죄,보건범죄,울산,,울산,107
환경범죄,환경범죄,울산,,울산,43
교통범죄,교통범죄,울산,,울산,9708
노동범죄,노동범죄,울산,,울산,6
안보범죄,안보범죄,울산,,울산,1
선거범죄,선거범죄,울산,,울산,11
병역범죄,병역범죄,울산,,울산,160
기타범죄,기타범죄,울산,,울산,4798
강력범죄,살인기수,세종,,세종,2
강력범죄,살인미수등,세종,,세종,1
강력범죄,강도,세종,,세종,0
강력범죄,강간,세종,,세종,12
강력범죄,유사강간,세종,,세종,1
강력범죄,강제추행,세종,,세종,49
강력범죄,기타강간강제추행등,세종,,세종,1
강력범죄,방화,세종,,세종,2
절도범죄,절도범죄,세종,,세종,849
폭력범죄,상해,세종,,세종,143
폭력범죄,폭행,세종,,세종,377
폭력범죄,체포감금,세종,,세종,0
폭력범죄,협박,세종,,세종,92
폭력범죄,약취유인,세종,,세종,1
폭력범죄,폭력행위등,세종,,세종,26
폭력범죄,공갈,세종,,세종,13
폭력범죄,손괴,세종,,세종,221
지능범죄,직무유기,세종,,세종,15
지능범죄,직권남용,세종,,세종,14
지능범죄,증수뢰,세종,,세종,1
지능범죄,통화,세종,,세종,4
지능범죄,문서인장,세종,,세종,49
지능범죄,유가증권인지,세종,,세종,1
지능범죄,사기,세종,,세종,1352
지능범죄,횡령,세종,,세종,280
지능범죄,배임,세종,,세종,19
풍속범죄,성풍속범죄,세종,,세종,48
풍속범죄,도박범죄,세종,,세종,18
특별경제범죄,특별경제범죄,세종,,세종,158
마약범죄,마약범죄,세종,,세종,31
보건범죄,보건범죄,세종,,세종,17
환경범죄,환경범죄,세종,,세종,2
교통범죄,교통범죄,세종,,세종,1397
노동범죄,노동범죄,세종,,세종,1
안보범죄,안보범죄,세종,,세종,2
선거범죄,선거범죄,세종,,세종,0
병역범죄,병역범죄,세종,,세종,86
기타범죄,기타범죄,세종,,세종,810
강력범죄,살인기수,경기도,고양,경기 고양,5
강력범죄,살인미수등,경기도,고양,경기 고양,6
강력범죄,강도,경기도,고양,경기 고양,8
강력범죄,강간,경기도,고양,경기 고양,75
강력범죄,유사강간,경기도,고양,경기 고양,9
강력범죄,강제추행,경기도,고양,경기 고양,248
강력범죄,기타강간강제추행등,경기도,고양,경기 고양,4
강력범죄,방화,경기도,고양,경기 고양,26
절도범죄,절도범죄,경기도,고양,경기 고양,2399
폭력범죄,상해,경기도,고양,경기 고양,390
폭력범죄,폭행,경기도,고양,경기 고양,2808
폭력범죄,체포감금,경기도,고양,경기 고양,16
폭력범죄,협박,경기도,고양,경기 고양,399
폭력범죄,약취유인,경기도,고양,경기 고양,13
폭력범죄,폭력행위등,경기도,고양,경기 고양,141
폭력범죄,공갈,경기도,고양,경기 고양,61
폭력범죄,손괴,경기도,고양,경기 고양,980
지능범죄,직무유기,경기도,고양,경기 고양,11
지능범죄,직권남용,경기도,고양,경기 고양,9
지능범죄,증수뢰,경기도,고양,경기 고양,4
지능범죄,통화,경기도,고양,경기 고양,22
지능범죄,문서인장,경기도,고양,경기 고양,184
지능범죄,유가증권인지,경기도,고양,경기 고양,7
지능범죄,사기,경기도,고양,경기 고양,5489
지능범죄,횡령,경기도,고양,경기 고양,1743
지능범죄,배임,경기도,고양,경기 고양,78
풍속범죄,성풍속범죄,경기도,고양,경기 고양,224
풍속범죄,도박범죄,경기도,고양,경기 고양,129
특별경제범죄,특별경제범죄,경기도,고양,경기 고양,1045
마약범죄,마약범죄,경기도,고양,경기 고양,114
보건범죄,보건범죄,경기도,고양,경기 고양,302
환경범죄,환경범죄,경기도,고양,경기 고양,49
교통범죄,교통범죄,경기도,고양,경기 고양,6506
노동범죄,노동범죄,경기도,고양,경기 고양,7
안보범죄,안보범죄,경기도,고양,경기 고양,0
선거범죄,선거범죄,경기도,고양,경기 고양,1
병역범죄,병역범죄,경기도,고양,경기 고양,410
기타범죄,기타범죄,경기도,고양,경기 고양,3981
강력범죄,살인기수,경기도,과천,경기 과천,0
강력범죄,살인미수등,경기도,과천,경기 과천,1
강력범죄,강도,경기도,과천,경기 과천,0
강력범죄,강간,경기도,과천,경기 과천,0
강력범죄,유사강간,경기도,과천,경기 과천,0
강력범죄,강제추행,경기도,과천,경기 과천,18
강력범죄,기타강간강제추행등,경기도,과천,경기 과천,0
강력범죄,방화,경기도,과천,경기 과천,1
절도범죄,절도범죄,경기도,과천,경기 과천,190
폭력범죄,상해,경기도,과천,경기 과천,23
폭력범죄,폭행,경기도,과천,경기 과천,123
폭력범죄,체포감금,경기도,과천,경기 과천,1
폭력범죄,협박,경기도,과천,경기 과천,23
폭력범죄,약취유인,경기도,과천,경기 과천,0
폭력범죄,폭력행위등,경기도,과천,경기 과천,4
폭력범죄,공갈,경기도,과천,경기 과천,3
폭력범죄,손괴,경기도,과천,경기 과천,36
지능범죄,직무유기,경기도,과천,경기 과천,0
지능범죄,직권남용,경기도,과천,경기 과천,5
지능범죄,증수뢰,경기도,과천,경기 과천,1
지능범죄,통화,경기도,과천,경기 과천,2
지능범죄,문서인장,경기도,과천,경기 과천,13
지능범죄,유가증권인지,경기도,과천,경기 과천,0
지능범죄,사기,경기도,과천,경기 과천,228
지능범죄,횡령,경기도,과천,경기 과천,101
지능범죄,배임,경기도,과천,경기 과천,8
풍속범죄,성풍속범죄,경기도,과천,경기 과천,11
풍속범죄,도박범죄,경기도,과천,경기 과천,17
특별경제범죄,특별경제범죄,경기도,과천,경기 과천,40
마약범죄,마약범죄,경기도,과천,경기 과천,4
보건범죄,보건범죄,경기도,과천,경기 과천,25
환경범죄,환경범죄,경기도,과천,경기 과천,3
교통범죄,교통범죄,경기도,과천,경기 과천,511
노동범죄,노동범죄,경기도,과천,경기 과천,1
안보범죄,안보범죄,경기도,과천,경기 과천,0
선거범죄,선거범죄,경기도,과천,경기 과천,0
병역범죄,병역범죄,경기도,과천,경기 과천,13
기타범죄,기타범죄,경기도,과천,경기 과천,273
강력범죄,살인기수,경기도,광명,경기 광명,1
강력범죄,살인미수등,경기도,광명,경기 광명,0
강력범죄,강도,경기도,광명,경기 광명,5
강력범죄,강간,경기도,광명,경기 광명,24
강력범죄,유사강간,경기도,광명,경기 광명,6
강력범죄,강제추행,경기도,광명,경기 광명,93
강력범죄,기타강간강제추행등,경기도,광명,경기 광명,3
강력범죄,방화,경기도,광명,경기 광명,5
절도범죄,절도범죄,경기도,광명,경기 광명,1061
폭력범죄,상해,경기도,광명,경기 광명,193
폭력범죄,폭행,경기도,광명,경기 광명,998
폭력범죄,체포감금,경기도,광명,경기 광명,10
폭력범죄,협박,경기도,광명,경기 광명,141
폭력범죄,약취유인,경기도,광명,경기 광명,2
폭력범죄,폭력행위등,경기도,광명,경기 광명,40
폭력범죄,공갈,경기도,광명,경기 광명,14
폭력범죄,손괴,경기도,광명,경기 광명,325
지능범죄,직무유기,경기도,광명,경기 광명,0
지능범죄,직권남용,경기도,광명,경기 광명,2
지능범죄,증수뢰,경기도,광명,경기 광명,2
지능범죄,통화,경기도,광명,경기 광명,1
지능범죄,문서인장,경기도,광명,경기 광명,40
지능범죄,유가증권인지,경기도,광명,경기 광명,0
지능범죄,사기,경기도,광명,경기 광명,1504
지능범죄,횡령,경기도,광명,경기 광명,309
지능범죄,배임,경기도,광명,경기 광명,18
풍속범죄,성풍속범죄,경기도,광명,경기 광명,69
풍속범죄,도박범죄,경기도,광명,경기 광명,32
특별경제범죄,특별경제범죄,경기도,광명,경기 광명,240
마약범죄,마약범죄,경기도,광명,경기 광명,29
보건범죄,보건범죄,경기도,광명,경기 광명,90
환경범죄,환경범죄,경기도,광명,경기 광명,1
교통범죄,교통범죄,경기도,광명,경기 광명,2128
노동범죄,노동범죄,경기도,광명,경기 광명,10
안보범죄,안보범죄,경기도,광명,경기 광명,0
선거범죄,선거범죄,경기도,광명,경기 광명,1
병역범죄,병역범죄,경기도,광명,경기 광명,46
기타범죄,기타범죄,경기도,광명,경기 광명,1114
강력범죄,살인기수,경기도,광주,경기 광주,0
강력범죄,살인미수등,경기도,광주,경기 광주,1
강력범죄,강도,경기도,광주,경기 광주,5
강력범죄,강간,경기도,광주,경기 광주,18
강력범죄,유사강간,경기도,광주,경기 광주,3
강력범죄,강제추행,경기도,광주,경기 광주,66
강력범죄,기타강간강제추행등,경기도,광주,경기 광주,2
강력범죄,방화,경기도,광주,경기 광주,7
절도범죄,절도범죄,경기도,광주,경기 광주,764
폭력범죄,상해,경기도,광주,경기 광주,142
폭력범죄,폭행,경기도,광주,경기 광주,1044
폭력범죄,체포감금,경기도,광주,경기 광주,6
폭력범죄,협박,경기도,광주,경기 광주,178
폭력범죄,약취유인,경기도,광주,경기 광주,0
폭력범죄,폭력행위등,경기도,광주,경기 광주,38
폭력범죄,공갈,경기도,광주,경기 광주,42
폭력범죄,손괴,경기도,광주,경기 광주,403
지능범죄,직무유기,경기도,광주,경기 광주,5
지능범죄,직권남용,경기도,광주,경기 광주,1
지능범죄,증수뢰,경기도,광주,경기 광주,1
지능범죄,통화,경기도,광주,경기 광주,4
지능범죄,문서인장,경기도,광주,경기 광주,67
지능범죄,유가증권인지,경기도,광주,경기 광주,1
지능범죄,사기,경기도,광주,경기 광주,1669
지능범죄,횡령,경기도,광주,경기 광주,280
지능범죄,배임,경기도,광주,경기 광주,32
풍속범죄,성풍속범죄,경기도,광주,경기 광주,59
풍속범죄,도박범죄,경기도,광주,경기 광주,97
특별경제범죄,특별경제범죄,경기도,광주,경기 광주,266
마약범죄,마약범죄,경기도,광주,경기 광주,36
보건범죄,보건범죄,경기도,광주,경기 광주,86
환경범죄,환경범죄,경기도,광주,경기 광주,30
교통범죄,교통범죄,경기도,광주,경기 광주,2920
노동범죄,노동범죄,경기도,광주,경기 광주,0
안보범죄,안보범죄,경기도,광주,경기 광주,4
선거범죄,선거범죄,경기도,광주,경기 광주,1
병역범죄,병역범죄,경기도,광주,경기 광주,96
기타범죄,기타범죄,경기도,광주,경기 광주,1403
강력범죄,살인기수,경기도,구리,경기 구리,1
강력범죄,살인미수등,경기도,구리,경기 구리,0
강력범죄,강도,경기도,구리,경기 구리,3
강력범죄,강간,경기도,구리,경기 구리,19
강력범죄,유사강간,경기도,구리,경기 구리,1
강력범죄,강제추행,경기도,구리,경기 구리,84
강력범죄,기타강간강제추행등,경기도,구리,경기 구리,2
강력범죄,방화,경기도,구리,경기 구리,8
절도범죄,절도범죄,경기도,구리,경기 구리,831
폭력범죄,상해,경기도,구리,경기 구리,143
폭력범죄,폭행,경기도,구리,경기 구리,944
폭력범죄,체포감금,경기도,구리,경기 구리,8
폭력범죄,협박,경기도,구리,경기 구리,82
폭력범죄,약취유인,경기도,구리,경기 구리,0
폭력범죄,폭력행위등,경기도,구리,경기 구리,46
폭력범죄,공갈,경기도,구리,경기 구리,15
폭력범죄,손괴,경기도,구리,경기 구리,337
지능범죄,직무유기,경기도,구리,경기 구리,4
지능범죄,직권남용,경기도,구리,경기 구리,1
지능범죄,증수뢰,경기도,구리,경기 구리,0
지능범죄,통화,경기도,구리,경기 구리,4
지능범죄,문서인장,경기도,구리,경기 구리,43
지능범죄,유가증권인지,경기도,구리,경기 구리,0
지능범죄,사기,경기도,구리,경기 구리,1125
지능범죄,횡령,경기도,구리,경기 구리,229
지능범죄,배임,경기도,구리,경기 구리,12
풍속범죄,성풍속범죄,경기도,구리,경기 구리,51
풍속범죄,도박범죄,경기도,구리,경기 구리,16
특별경제범죄,특별경제범죄,경기도,구리,경기 구리,244
마약범죄,마약범죄,경기도,구리,경기 구리,13
보건범죄,보건범죄,경기도,구리,경기 구리,45
환경범죄,환경범죄,경기도,구리,경기 구리,9
교통범죄,교통범죄,경기도,구리,경기 구리,1783
노동범죄,노동범죄,경기도,구리,경기 구리,3
안보범죄,안보범죄,경기도,구리,경기 구리,0
선거범죄,선거범죄,경기도,구리,경기 구리,0
병역범죄,병역범죄,경기도,구리,경기 구리,78
기타범죄,기타범죄,경기도,구리,경기 구리,799
강력범죄,살인기수,경기도,군포,경기 군포,1
강력범죄,살인미수등,경기도,군포,경기 군포,3
강력범죄,강도,경기도,군포,경기 군포,2
강력범죄,강간,경기도,군포,경기 군포,20
강력범죄,유사강간,경기도,군포,경기 군포,5
강력범죄,강제추행,경기도,군포,경기 군포,55
강력범죄,기타강간강제추행등,경기도,군포,경기 군포,2
강력범죄,방화,경기도,군포,경기 군포,4
절도범죄,절도범죄,경기도,군포,경기 군포,654
폭력범죄,상해,경기도,군포,경기 군포,98
폭력범죄,폭행,경기도,군포,경기 군포,708
폭력범죄,체포감금,경기도,군포,경기 군포,6
폭력범죄,협박,경기도,군포,경기 군포,89
폭력범죄,약취유인,경기도,군포,경기 군포,0
폭력범죄,폭력행위등,경기도,군포,경기 군포,33
폭력범죄,공갈,경기도,군포,경기 군포,17
폭력범죄,손괴,경기도,군포,경기 군포,228
지능범죄,직무유기,경기도,군포,경기 군포,0
지능범죄,직권남용,경기도,군포,경기 군포,3
지능범죄,증수뢰,경기도,군포,경기 군포,1
지능범죄,통화,경기도,군포,경기 군포,3
지능범죄,문서인장,경기도,군포,경기 군포,31
지능범죄,유가증권인지,경기도,군포,경기 군포,0
지능범죄,사기,경기도,군포,경기 군포,1180
지능범죄,횡령,경기도,군포,경기 군포,210
지능범죄,배임,경기도,군포,경기 군포,12
풍속범죄,성풍속범죄,경기도,군포,경기 군포,64
풍속범죄,도박범죄,경기도,군포,경기 군포,20
특별경제범죄,특별경제범죄,경기도,군포,경기 군포,199
마약범죄,마약범죄,경기도,군포,경기 군포,15
보건범죄,보건범죄,경기도,군포,경기 군포,62
환경범죄,환경범죄,경기도,군포,경기 군포,7
교통범죄,교통범죄,경기도,군포,경기 군포,1045
노동범죄,노동범죄,경기도,군포,경기 군포,3
안보범죄,안보범죄,경기도,군포,경기 군포,0
선거범죄,선거범죄,경기도,군포,경기 군포,2
병역범죄,병역범죄,경기도,군포,경기 군포,43
기타범죄,기타범죄,경기도,군포,경기 군포,729
강력범죄,살인기수,경기도,김포,경기 김포,6
강력범죄,살인미수등,경기도,김포,경기 김포,4
강력범죄,강도,경기도,김포,경기 김포,1
강력범죄,강간,경기도,김포,경기 김포,28
강력범죄,유사강간,경기도,김포,경기 김포,3
강력범죄,강제추행,경기도,김포,경기 김포,87
강력범죄,기타강간강제추행등,경기도,김포,경기 김포,1
강력범죄,방화,경기도,김포,경기 김포,4
절도범죄,절도범죄,경기도,김포,경기 김포,977
폭력범죄,상해,경기도,김포,경기 김포,178
폭력범죄,폭행,경기도,김포,경기 김포,1077
폭력범죄,체포감금,경기도,김포,경기 김포,6
폭력범죄,협박,경기도,김포,경기 김포,121
폭력범죄,약취유인,경기도,김포,경기 김포,1
폭력범죄,폭력행위등,경기도,김포,경기 김포,39
폭력범죄,공갈,경기도,김포,경기 김포,24
폭력범죄,손괴,경기도,김포,경기 김포,361
지능범죄,직무유기,경기도,김포,경기 김포,3
지능범죄,직권남용,경기도,김포,경기 김포,1
지능범죄,증수뢰,경기도,김포,경기 김포,2
지능범죄,통화,경기도,김포,경기 김포,8
지능범죄,문서인장,경기도,김포,경기 김포,75
지능범죄,유가증권인지,경기도,김포,경기 김포,1
지능범죄,사기,경기도,김포,경기 김포,2381
지능범죄,횡령,경기도,김포,경기 김포,479
지능범죄,배임,경기도,김포,경기 김포,23
풍속범죄,성풍속범죄,경기도,김포,경기 김포,54
풍속범죄,도박범죄,경기도,김포,경기 김포,82
특별경제범죄,특별경제범죄,경기도,김포,경기 김포,390
마약범죄,마약범죄,경기도,김포,경기 김포,26
보건범죄,보건범죄,경기도,김포,경기 김포,62
환경범죄,환경범죄,경기도,김포,경기 김포,11
교통범죄,교통범죄,경기도,김포,경기 김포,3133
노동범죄,노동범죄,경기도,김포,경기 김포,2
안보범죄,안보범죄,경기도,김포,경기 김포,0
선거범죄,선거범죄,경기도,김포,경기 김포,0
병역범죄,병역범죄,경기도,김포,경기 김포,65
기타범죄,기타범죄,경기도,김포,경기 김포,1466
강력범죄,살인기수,경기도,남양주,경기 남양주,6
강력범죄,살인미수등,경기도,남양주,경기 남양주,8
강력범죄,강도,경기도,남양주,경기 남양주,7
강력범죄,강간,경기도,남양주,경기 남양주,37
강력범죄,유사강간,경기도,남양주,경기 남양주,3
강력범죄,강제추행,경기도,남양주,경기 남양주,160
강력범죄,기타강간강제추행등,경기도,남양주,경기 남양주,5
강력범죄,방화,경기도,남양주,경기 남양주,15
절도범죄,절도범죄,경기도,남양주,경기 남양주,1504
폭력범죄,상해,경기도,남양주,경기 남양주,255
폭력범죄,폭행,경기도,남양주,경기 남양주,1440
폭력범죄,체포감금,경기도,남양주,경기 남양주,19
폭력범죄,협박,경기도,남양주,경기 남양주,212
폭력범죄,약취유인,경기도,남양주,경기 남양주,4
폭력범죄,폭력행위등,경기도,남양주,경기 남양주,61
폭력범죄,공갈,경기도,남양주,경기 남양주,60
폭력범죄,손괴,경기도,남양주,경기 남양주,651
지능범죄,직무유기,경기도,남양주,경기 남양주,1
지능범죄,직권남용,경기도,남양주,경기 남양주,0
지능범죄,증수뢰,경기도,남양주,경기 남양주,1
지능범죄,통화,경기도,남양주,경기 남양주,9
지능범죄,문서인장,경기도,남양주,경기 남양주,109
지능범죄,유가증권인지,경기도,남양주,경기 남양주,1
지능범죄,사기,경기도,남양주,경기 남양주,3030
지능범죄,횡령,경기도,남양주,경기 남양주,598
지능범죄,배임,경기도,남양주,경기 남양주,27
풍속범죄,성풍속범죄,경기도,남양주,경기 남양주,108
풍속범죄,도박범죄,경기도,남양주,경기 남양주,52
특별경제범죄,특별경제범죄,경기도,남양주,경기 남양주,425
마약범죄,마약범죄,경기도,남양주,경기 남양주,44
보건범죄,보건범죄,경기도,남양주,경기 남양주,160
환경범죄,환경범죄,경기도,남양주,경기 남양주,78
교통범죄,교통범죄,경기도,남양주,경기 남양주,3936
노동범죄,노동범죄,경기도,남양주,경기 남양주,2
안보범죄,안보범죄,경기도,남양주,경기 남양주,0
선거범죄,선거범죄,경기도,남양주,경기 남양주,1
병역범죄,병역범죄,경기도,남양주,경기 남양주,292
기타범죄,기타범죄,경기도,남양주,경기 남양주,2200
강력범죄,살인기수,경기도,동두천,경기 동두천,1
강력범죄,살인미수등,경기도,동두천,경기 동두천,1
강력범죄,강도,경기도,동두천,경기 동두천,1
강력범죄,강간,경기도,동두천,경기 동두천,13
강력범죄,유사강간,경기도,동두천,경기 동두천,0
강력범죄,강제추행,경기도,동두천,경기 동두천,45
강력범죄,기타강간강제추행등,경기도,동두천,경기 동두천,1
강력범죄,방화,경기도,동두천,경기 동두천,3
절도범죄,절도범죄,경기도,동두천,경기 동두천,352
폭력범죄,상해,경기도,동두천,경기 동두천,69
폭력범죄,폭행,경기도,동두천,경기 동두천,349
폭력범죄,체포감금,경기도,동두천,경기 동두천,0
폭력범죄,협박,경기도,동두천,경기 동두천,22
폭력범죄,약취유인,경기도,동두천,경기 동두천,2
폭력범죄,폭력행위등,경기도,동두천,경기 동두천,22
폭력범죄,공갈,경기도,동두천,경기 동두천,15
폭력범죄,손괴,경기도,동두천,경기 동두천,136
지능범죄,직무유기,경기도,동두천,경기 동두천,0
지능범죄,직권남용,경기도,동두천,경기 동두천,0
지능범죄,증수뢰,경기도,동두천,경기 동두천,0
지능범죄,통화,경기도,동두천,경기 동두천,1
지능범죄,문서인장,경기도,동두천,경기 동두천,28
지능범죄,유가증권인지,경기도,동두천,경기 동두천,0
지능범죄,사기,경기도,동두천,경기 동두천,698
지능범죄,횡령,경기도,동두천,경기 동두천,91
지능범죄,배임,경기도,동두천,경기 동두천,9
풍속범죄,성풍속범죄,경기도,동두천,경기 동두천,13
풍속범죄,도박범죄,경기도,동두천,경기 동두천,13
특별경제범죄,특별경제범죄,경기도,동두천,경기 동두천,88
마약범죄,마약범죄,경기도,동두천,경기 동두천,22
보건범죄,보건범죄,경기도,동두천,경기 동두천,16
환경범죄,환경범죄,경기도,동두천,경기 동두천,8
교통범죄,교통범죄,경기도,동두천,경기 동두천,709
노동범죄,노동범죄,경기도,동두천,경기 동두천,1
안보범죄,안보범죄,경기도,동두천,경기 동두천,0
선거범죄,선거범죄,경기도,동두천,경기 동두천,0
병역범죄,병역범죄,경기도,동두천,경기 동두천,39
기타범죄,기타범죄,경기도,동두천,경기 동두천,374
강력범죄,살인기수,경기도,부천,경기 부천,5
강력범죄,살인미수등,경기도,부천,경기 부천,10
강력범죄,강도,경기도,부천,경기 부천,12
강력범죄,강간,경기도,부천,경기 부천,92
강력범죄,유사강간,경기도,부천,경기 부천,11
강력범죄,강제추행,경기도,부천,경기 부천,349
강력범죄,기타강간강제추행등,경기도,부천,경기 부천,2
강력범죄,방화,경기도,부천,경기 부천,16
절도범죄,절도범죄,경기도,부천,경기 부천,3706
폭력범죄,상해,경기도,부천,경기 부천,393
폭력범죄,폭행,경기도,부천,경기 부천,2944
폭력범죄,체포감금,경기도,부천,경기 부천,14
폭력범죄,협박,경기도,부천,경기 부천,454
폭력범죄,약취유인,경기도,부천,경기 부천,6
폭력범죄,폭력행위등,경기도,부천,경기 부천,149
폭력범죄,공갈,경기도,부천,경기 부천,114
폭력범죄,손괴,경기도,부천,경기 부천,1176
지능범죄,직무유기,경기도,부천,경기 부천,3
지능범죄,직권남용,경기도,부천,경기 부천,5
지능범죄,증수뢰,경기도,부천,경기 부천,4
지능범죄,통화,경기도,부천,경기 부천,11
지능범죄,문서인장,경기도,부천,경기 부천,150
지능범죄,유가증권인지,경기도,부천,경기 부천,1
지능범죄,사기,경기도,부천,경기 부천,6182
지능범죄,횡령,경기도,부천,경기 부천,1166
지능범죄,배임,경기도,부천,경기 부천,56
풍속범죄,성풍속범죄,경기도,부천,경기 부천,203
풍속범죄,도박범죄,경기도,부천,경기 부천,111
특별경제범죄,특별경제범죄,경기도,부천,경기 부천,880
마약범죄,마약범죄,경기도,부천,경기 부천,76
보건범죄,보건범죄,경기도,부천,경기 부천,178
환경범죄,환경범죄,경기도,부천,경기 부천,86
교통범죄,교통범죄,경기도,부천,경기 부천,5849
노동범죄,노동범죄,경기도,부천,경기 부천,6
안보범죄,안보범죄,경기도,부천,경기 부천,6
선거범죄,선거범죄,경기도,부천,경기 부천,0
병역범죄,병역범죄,경기도,부천,경기 부천,223
기타범죄,기타범죄,경기도,부천,경기 부천,3458
강력범죄,살인기수,경기도,성남,경기 성남,2
강력범죄,살인미수등,경기도,성남,경기 성남,2
강력범죄,강도,경기도,성남,경기 성남,13
강력범죄,강간,경기도,성남,경기 성남,92
강력범죄,유사강간,경기도,성남,경기 성남,8
강력범죄,강제추행,경기도,성남,경기 성남,295
강력범죄,기타강간강제추행등,경기도,성남,경기 성남,7
강력범죄,방화,경기도,성남,경기 성남,17
절도범죄,절도범죄,경기도,성남,경기 성남,3250
폭력범죄,상해,경기도,성남,경기 성남,612
폭력범죄,폭행,경기도,성남,경기 성남,2765
폭력범죄,체포감금,경기도,성남,경기 성남,21
폭력범죄,협박,경기도,성남,경기 성남,399
폭력범죄,약취유인,경기도,성남,경기 성남,2
폭력범죄,폭력행위등,경기도,성남,경기 성남,135
폭력범죄,공갈,경기도,성남,경기 성남,66
폭력범죄,손괴,경기도,성남,경기 성남,919
지능범죄,직무유기,경기도,성남,경기 성남,4
지능범죄,직권남용,경기도,성남,경기 성남,5
지능범죄,증수뢰,경기도,성남,경기 성남,4
지능범죄,통화,경기도,성남,경기 성남,25
지능범죄,문서인장,경기도,성남,경기 성남,180
지능범죄,유가증권인지,경기도,성남,경기 성남,1
지능범죄,사기,경기도,성남,경기 성남,5429
지능범죄,횡령,경기도,성남,경기 성남,1221
지능범죄,배임,경기도,성남,경기 성남,64
풍속범죄,성풍속범죄,경기도,성남,경기 성남,297
풍속범죄,도박범죄,경기도,성남,경기 성남,169
특별경제범죄,특별경제범죄,경기도,성남,경기 성남,1122
마약범죄,마약범죄,경기도,성남,경기 성남,247
보건범죄,보건범죄,경기도,성남,경기 성남,215
환경범죄,환경범죄,경기도,성남,경기 성남,14
교통범죄,교통범죄,경기도,성남,경기 성남,6724
노동범죄,노동범죄,경기도,성남,경기 성남,6
안보범죄,안보범죄,경기도,성남,경기 성남,2
선거범죄,선거범죄,경기도,성남,경기 성남,0
병역범죄,병역범죄,경기도,성남,경기 성남,232
기타범죄,기타범죄,경기도,성남,경기 성남,3500
강력범죄,살인기수,경기도,수원,경기 수원,5
강력범죄,살인미수등,경기도,수원,경기 수원,11
강력범죄,강도,경기도,수원,경기 수원,19
강력범죄,강간,경기도,수원,경기 수원,140
강력범죄,유사강간,경기도,수원,경기 수원,23
강력범죄,강제추행,경기도,수원,경기 수원,404
강력범죄,기타강간강제추행등,경기도,수원,경기 수원,4
강력범죄,방화,경기도,수원,경기 수원,23
절도범죄,절도범죄,경기도,수원,경기 수원,5180
폭력범죄,상해,경기도,수원,경기 수원,629
폭력범죄,폭행,경기도,수원,경기 수원,4643
폭력범죄,체포감금,경기도,수원,경기 수원,22
폭력범죄,협박,경기도,수원,경기 수원,635
폭력범죄,약취유인,경기도,수원,경기 수원,4
폭력범죄,폭력행위등,경기도,수원,경기 수원,196
폭력범죄,공갈,경기도,수원,경기 수원,139
폭력범죄,손괴,경기도,수원,경기 수원,1603
지능범죄,직무유기,경기도,수원,경기 수원,8
지능범죄,직권남용,경기도,수원,경기 수원,16
지능범죄,증수뢰,경기도,수원,경기 수원,7
지능범죄,통화,경기도,수원,경기 수원,22
지능범죄,문서인장,경기도,수원,경기 수원,237
지능범죄,유가증권인지,경기도,수원,경기 수원,2
지능범죄,사기,경기도,수원,경기 수원,8195
지능범죄,횡령,경기도,수원,경기 수원,1561
지능범죄,배임,경기도,수원,경기 수원,69
풍속범죄,성풍속범죄,경기도,수원,경기 수원,431
풍속범죄,도박범죄,경기도,수원,경기 수원,312
특별경제범죄,특별경제범죄,경기도,수원,경기 수원,1324
마약범죄,마약범죄,경기도,수원,경기 수원,137
보건범죄,보건범죄,경기도,수원,경기 수원,289
환경범죄,환경범죄,경기도,수원,경기 수원,40
교통범죄,교통범죄,경기도,수원,경기 수원,9810
노동범죄,노동범죄,경기도,수원,경기 수원,10
안보범죄,안보범죄,경기도,수원,경기 수원,0
선거범죄,선거범죄,경기도,수원,경기 수원,3
병역범죄,병역범죄,경기도,수원,경기 수원,348
기타범죄,기타범죄,경기도,수원,경기 수원,5196
강력범죄,살인기수,경기도,시흥,경기 시흥,1
강력범죄,살인미수등,경기도,시흥,경기 시흥,2
강력범죄,강도,경기도,시흥,경기 시흥,15
강력범죄,강간,경기도,시흥,경기 시흥,69
강력범죄,유사강간,경기도,시흥,경기 시흥,10
강력범죄,강제추행,경기도,시흥,경기 시흥,145
강력범죄,기타강간강제추행등,경기도,시흥,경기 시흥,7
강력범죄,방화,경기도,시흥,경기 시흥,11
절도범죄,절도범죄,경기도,시흥,경기 시흥,1769
폭력범죄,상해,경기도,시흥,경기 시흥,296
폭력범죄,폭행,경기도,시흥,경기 시흥,1844
폭력범죄,체포감금,경기도,시흥,경기 시흥,10
폭력범죄,협박,경기도,시흥,경기 시흥,261
폭력범죄,약취유인,경기도,시흥,경기 시흥,5
폭력범죄,폭력행위등,경기도,시흥,경기 시흥,84
폭력범죄,공갈,경기도,시흥,경기 시흥,51
폭력범죄,손괴,경기도,시흥,경기 시흥,814
지능범죄,직무유기,경기도,시흥,경기 시흥,6
지능범죄,직권남용,경기도,시흥,경기 시흥,4
지능범죄,증수뢰,경기도,시흥,경기 시흥,2
지능범죄,통화,경기도,시흥,경기 시흥,3
지능범죄,문서인장,경기도,시흥,경기 시흥,102
지능범죄,유가증권인지,경기도,시흥,경기 시흥,0
지능범죄,사기,경기도,시흥,경기 시흥,2727
지능범죄,횡령,경기도,시흥,경기 시흥,584
지능범죄,배임,경기도,시흥,경기 시흥,26
풍속범죄,성풍속범죄,경기도,시흥,경기 시흥,104
풍속범죄,도박범죄,경기도,시흥,경기 시흥,53
특별경제범죄,특별경제범죄,경기도,시흥,경기 시흥,545
마약범죄,마약범죄,경기도,시흥,경기 시흥,94
보건범죄,보건범죄,경기도,시흥,경기 시흥,127
환경범죄,환경범죄,경기도,시흥,경기 시흥,39
교통범죄,교통범죄,경기도,시흥,경기 시흥,5403
노동범죄,노동범죄,경기도,시흥,경기 시흥,4
안보범죄,안보범죄,경기도,시흥,경기 시흥,0
선거범죄,선거범죄,경기도,시흥,경기 시흥,0
병역범죄,병역범죄,경기도,시흥,경기 시흥,113
기타범죄,기타범죄,경기도,시흥,경기 시흥,2126
강력범죄,살인기수,경기도,안산,경기 안산,2
강력범죄,살인미수등,경기도,안산,경기 안산,8
강력범죄,강도,경기도,안산,경기 안산,13
강력범죄,강간,경기도,안산,경기 안산,90
강력범죄,유사강간,경기도,안산,경기 안산,16
강력범죄,강제추행,경기도,안산,경기 안산,261
강력범죄,기타강간강제추행등,경기도,안산,경기 안산,4
강력범죄,방화,경기도,안산,경기 안산,22
절도범죄,절도범죄,경기도,안산,경기 안산,2971
폭력범죄,상해,경기도,안산,경기 안산,452
폭력범죄,폭행,경기도,안산,경기 안산,2917
폭력범죄,체포감금,경기도,안산,경기 안산,19
폭력범죄,협박,경기도,안산,경기 안산,393
폭력범죄,약취유인,경기도,안산,경기 안산,5
폭력범죄,폭력행위등,경기도,안산,경기 안산,157
폭력범죄,공갈,경기도,안산,경기 안산,58
폭력범죄,손괴,경기도,안산,경기 안산,1102
지능범죄,직무유기,경기도,안산,경기 안산,5
지능범죄,직권남용,경기도,안산,경기 안산,4
지능범죄,증수뢰,경기도,안산,경기 안산,1
지능범죄,통화,경기도,안산,경기 안산,5
지능범죄,문서인장,경기도,안산,경기 안산,181
지능범죄,유가증권인지,경기도,안산,경기 안산,2
지능범죄,사기,경기도,안산,경기 안산,4367
지능범죄,횡령,경기도,안산,경기 안산,997
지능범죄,배임,경기도,안산,경기 안산,40
풍속범죄,성풍속범죄,경기도,안산,경기 안산,229
풍속범죄,도박범죄,경기도,안산,경기 안산,103
특별경제범죄,특별경제범죄,경기도,안산,경기 안산,792
마약범죄,마약범죄,경기도,안산,경기 안산,111
보건범죄,보건범죄,경기도,안산,경기 안산,196
환경범죄,환경범죄,경기도,안산,경기 안산,12
교통범죄,교통범죄,경기도,안산,경기 안산,6376
노동범죄,노동범죄,경기도,안산,경기 안산,6
안보범죄,안보범죄,경기도,안산,경기 안산,5
선거범죄,선거범죄,경기도,안산,경기 안산,2
병역범죄,병역범죄,경기도,안산,경기 안산,183
기타범죄,기타범죄,경기도,안산,경기 안산,3016
강력범죄,살인기수,경기도,안성,경기 안성,3
강력범죄,살인미수등,경기도,안성,경기 안성,2
강력범죄,강도,경기도,안성,경기 안성,5
강력범죄,강간,경기도,안성,경기 안성,15
강력범죄,유사강간,경기도,안성,경기 안성,2
강력범죄,강제추행,경기도,안성,경기 안성,53
강력범죄,기타강간강제추행등,경기도,안성,경기 안성,0
강력범죄,방화,경기도,안성,경기 안성,6
절도범죄,절도범죄,경기도,안성,경기 안성,651
폭력범죄,상해,경기도,안성,경기 안성,147
폭력범죄,폭행,경기도,안성,경기 안성,681
폭력범죄,체포감금,경기도,안성,경기 안성,5
폭력범죄,협박,경기도,안성,경기 안성,97
폭력범죄,약취유인,경기도,안성,경기 안성,0
폭력범죄,폭력행위등,경기도,안성,경기 안성,18
폭력범죄,공갈,경기도,안성,경기 안성,11
폭력범죄,손괴,경기도,안성,경기 안성,233
지능범죄,직무유기,경기도,안성,경기 안성,1
지능범죄,직권남용,경기도,안성,경기 안성,1
지능범죄,증수뢰,경기도,안성,경기 안성,1
지능범죄,통화,경기도,안성,경기 안성,4
지능범죄,문서인장,경기도,안성,경기 안성,36
지능범죄,유가증권인지,경기도,안성,경기 안성,0
지능범죄,사기,경기도,안성,경기 안성,940
지능범죄,횡령,경기도,안성,경기 안성,173
지능범죄,배임,경기도,안성,경기 안성,12
풍속범죄,성풍속범죄,경기도,안성,경기 안성,46
풍속범죄,도박범죄,경기도,안성,경기 안성,18
특별경제범죄,특별경제범죄,경기도,안성,경기 안성,138
마약범죄,마약범죄,경기도,안성,경기 안성,42
보건범죄,보건범죄,경기도,안성,경기 안성,46
환경범죄,환경범죄,경기도,안성,경기 안성,3
교통범죄,교통범죄,경기도,안성,경기 안성,1823
노동범죄,노동범죄,경기도,안성,경기 안성,1
안보범죄,안보범죄,경기도,안성,경기 안성,0
선거범죄,선거범죄,경기도,안성,경기 안성,12
병역범죄,병역범죄,경기도,안성,경기 안성,97
기타범죄,기타범죄,경기도,안성,경기 안성,990
강력범죄,살인기수,경기도,안양,경기 안양,1
강력범죄,살인미수등,경기도,안양,경기 안양,4
강력범죄,강도,경기도,안양,경기 안양,7
강력범죄,강간,경기도,안양,경기 안양,39
강력범죄,유사강간,경기도,안양,경기 안양,7
강력범죄,강제추행,경기도,안양,경기 안양,162
강력범죄,기타강간강제추행등,경기도,안양,경기 안양,2
강력범죄,방화,경기도,안양,경기 안양,12
절도범죄,절도범죄,경기도,안양,경기 안양,1745
폭력범죄,상해,경기도,안양,경기 안양,289
폭력범죄,폭행,경기도,안양,경기 안양,1792
폭력범죄,체포감금,경기도,안양,경기 안양,8
폭력범죄,협박,경기도,안양,경기 안양,218
폭력범죄,약취유인,경기도,안양,경기 안양,3
폭력범죄,폭력행위등,경기도,안양,경기 안양,97
폭력범죄,공갈,경기도,안양,경기 안양,85
폭력범죄,손괴,경기도,안양,경기 안양,590
지능범죄,직무유기,경기도,안양,경기 안양,2
지능범죄,직권남용,경기도,안양,경기 안양,10
지능범죄,증수뢰,경기도,안양,경기 안양,1
지능범죄,통화,경기도,안양,경기 안양,10
지능범죄,문서인장,경기도,안양,경기 안양,103
지능범죄,유가증권인지,경기도,안양,경기 안양,3
지능범죄,사기,경기도,안양,경기 안양,2785
지능범죄,횡령,경기도,안양,경기 안양,745
지능범죄,배임,경기도,안양,경기 안양,36
풍속범죄,성풍속범죄,경기도,안양,경기 안양,164
풍속범죄,도박범죄,경기도,안양,경기 안양,139
특별경제범죄,특별경제범죄,경기도,안양,경기 안양,596
마약범죄,마약범죄,경기도,안양,경기 안양,82
보건범죄,보건범죄,경기도,안양,경기 안양,120
환경범죄,환경범죄,경기도,안양,경기 안양,4
교통범죄,교통범죄,경기도,안양,경기 안양,2738
노동범죄,노동범죄,경기도,안양,경기 안양,6
안보범죄,안보범죄,경기도,안양,경기 안양,1
선거범죄,선거범죄,경기도,안양,경기 안양,2
병역범죄,병역범죄,경기도,안양,경기 안양,156
기타범죄,기타범죄,경기도,안양,경기 안양,2004
강력범죄,살인기수,경기도,양주,경기 양주,3
강력범죄,살인미수등,경기도,양주,경기 양주,2
강력범죄,강도,경기도,양주,경기 양주,1
강력범죄,강간,경기도,양주,경기 양주,13
강력범죄,유사강간,경기도,양주,경기 양주,2
강력범죄,강제추행,경기도,양주,경기 양주,56
강력범죄,기타강간강제추행등,경기도,양주,경기 양주,1
강력범죄,방화,경기도,양주,경기 양주,4
절도범죄,절도범죄,경기도,양주,경기 양주,465
폭력범죄,상해,경기도,양주,경기 양주,133
폭력범죄,폭행,경기도,양주,경기 양주,671
폭력범죄,체포감금,경기도,양주,경기 양주,4
폭력범죄,협박,경기도,양주,경기 양주,112
폭력범죄,약취유인,경기도,양주,경기 양주,2
폭력범죄,폭력행위등,경기도,양주,경기 양주,26
폭력범죄,공갈,경기도,양주,경기 양주,7
폭력범죄,손괴,경기도,양주,경기 양주,230
지능범죄,직무유기,경기도,양주,경기 양주,1
지능범죄,직권남용,경기도,양주,경기 양주,0
지능범죄,증수뢰,경기도,양주,경기 양주,0
지능범죄,통화,경기도,양주,경기 양주,3
지능범죄,문서인장,경기도,양주,경기 양주,28
지능범죄,유가증권인지,경기도,양주,경기 양주,0
지능범죄,사기,경기도,양주,경기 양주,911
지능범죄,횡령,경기도,양주,경기 양주,189
지능범죄,배임,경기도,양주,경기 양주,18
풍속범죄,성풍속범죄,경기도,양주,경기 양주,41
풍속범죄,도박범죄,경기도,양주,경기 양주,22
특별경제범죄,특별경제범죄,경기도,양주,경기 양주,184
마약범죄,마약범죄,경기도,양주,경기 양주,24
보건범죄,보건범죄,경기도,양주,경기 양주,39
환경범죄,환경범죄,경기도,양주,경기 양주,80
교통범죄,교통범죄,경기도,양주,경기 양주,1980
노동범죄,노동범죄,경기도,양주,경기 양주,3
안보범죄,안보범죄,경기도,양주,경기 양주,0
선거범죄,선거범죄,경기도,양주,경기 양주,1
병역범죄,병역범죄,경기도,양주,경기 양주,96
기타범죄,기타범죄,경기도,양주,경기 양주,943
강력범죄,살인기수,경기도,여주,경기 여주,0
강력범죄,살인미수등,경기도,여주,경기 여주,0
강력범죄,강도,경기도,여주,경기 여주,13
강력범죄,강간,경기도,여주,경기 여주,11
강력범죄,유사강간,경기도,여주,경기 여주,1
강력범죄,강제추행,경기도,여주,경기 여주,47
강력범죄,기타강간강제추행등,경기도,여주,경기 여주,1
강력범죄,방화,경기도,여주,경기 여주,2
절도범죄,절도범죄,경기도,여주,경기 여주,420
폭력범죄,상해,경기도,여주,경기 여주,88
폭력범죄,폭행,경기도,여주,경기 여주,324
폭력범죄,체포감금,경기도,여주,경기 여주,4
폭력범죄,협박,경기도,여주,경기 여주,55
폭력범죄,약취유인,경기도,여주,경기 여주,2
폭력범죄,폭력행위등,경기도,여주,경기 여주,14
폭력범죄,공갈,경기도,여주,경기 여주,18
폭력범죄,손괴,경기도,여주,경기 여주,128
지능범죄,직무유기,경기도,여주,경기 여주,1
지능범죄,직권남용,경기도,여주,경기 여주,5
지능범죄,증수뢰,경기도,여주,경기 여주,1
지능범죄,통화,경기도,여주,경기 여주,0
지능범죄,문서인장,경기도,여주,경기 여주,26
지능범죄,유가증권인지,경기도,여주,경기 여주,1
지능범죄,사기,경기도,여주,경기 여주,603
지능범죄,횡령,경기도,여주,경기 여주,82
지능범죄,배임,경기도,여주,경기 여주,8
풍속범죄,성풍속범죄,경기도,여주,경기 여주,24
풍속범죄,도박범죄,경기도,여주,경기 여주,11
특별경제범죄,특별경제범죄,경기도,여주,경기 여주,92
마약범죄,마약범죄,경기도,여주,경기 여주,38
보건범죄,보건범죄,경기도,여주,경기 여주,18
환경범죄,환경범죄,경기도,여주,경기 여주,7
교통범죄,교통범죄,경기도,여주,경기 여주,1201
노동범죄,노동범죄,경기도,여주,경기 여주,2
안보범죄,안보범죄,경기도,여주,경기 여주,0
선거범죄,선거범죄,경기도,여주,경기 여주,2
병역범죄,병역범죄,경기도,여주,경기 여주,20
기타범죄,기타범죄,경기도,여주,경기 여주,427
강력범죄,살인기수,경기도,오산,경기 오산,3
강력범죄,살인미수등,경기도,오산,경기 오산,0
강력범죄,강도,경기도,오산,경기 오산,7
강력범죄,강간,경기도,오산,경기 오산,22
강력범죄,유사강간,경기도,오산,경기 오산,6
강력범죄,강제추행,경기도,오산,경기 오산,86
강력범죄,기타강간강제추행등,경기도,오산,경기 오산,1
강력범죄,방화,경기도,오산,경기 오산,8
절도범죄,절도범죄,경기도,오산,경기 오산,927
폭력범죄,상해,경기도,오산,경기 오산,165
폭력범죄,폭행,경기도,오산,경기 오산,955
폭력범죄,체포감금,경기도,오산,경기 오산,7
폭력범죄,협박,경기도,오산,경기 오산,145
폭력범죄,약취유인,경기도,오산,경기 오산,3
폭력범죄,폭력행위등,경기도,오산,경기 오산,41
폭력범죄,공갈,경기도,오산,경기 오산,28
폭력범죄,손괴,경기도,오산,경기 오산,333
지능범죄,직무유기,경기도,오산,경기 오산,2
지능범죄,직권남용,경기도,오산,경기 오산,2
지능범죄,증수뢰,경기도,오산,경기 오산,1
지능범죄,통화,경기도,오산,경기 오산,0
지능범죄,문서인장,경기도,오산,경기 오산,28
지능범죄,유가증권인지,경기도,오산,경기 오산,0
지능범죄,사기,경기도,오산,경기 오산,949
지능범죄,횡령,경기도,오산,경기 오산,209
지능범죄,배임,경기도,오산,경기 오산,10
풍속범죄,성풍속범죄,경기도,오산,경기 오산,60
풍속범죄,도박범죄,경기도,오산,경기 오산,17
특별경제범죄,특별경제범죄,경기도,오산,경기 오산,175
마약범죄,마약범죄,경기도,오산,경기 오산,31
보건범죄,보건범죄,경기도,오산,경기 오산,67
환경범죄,환경범죄,경기도,오산,경기 오산,28
교통범죄,교통범죄,경기도,오산,경기 오산,1878
노동범죄,노동범죄,경기도,오산,경기 오산,2
안보범죄,안보범죄,경기도,오산,경기 오산,0
선거범죄,선거범죄,경기도,오산,경기 오산,1
병역범죄,병역범죄,경기도,오산,경기 오산,74
기타범죄,기타범죄,경기도,오산,경기 오산,995
강력범죄,살인기수,경기도,용인,경기 용인,3
강력범죄,살인미수등,경기도,용인,경기 용인,6
강력범죄,강도,경기도,용인,경기 용인,7
강력범죄,강간,경기도,용인,경기 용인,55
강력범죄,유사강간,경기도,용인,경기 용인,11
강력범죄,강제추행,경기도,용인,경기 용인,205
강력범죄,기타강간강제추행등,경기도,용인,경기 용인,2
강력범죄,방화,경기도,용인,경기 용인,11
절도범죄,절도범죄,경기도,용인,경기 용인,2345
폭력범죄,상해,경기도,용인,경기 용인,249
폭력범죄,폭행,경기도,용인,경기 용인,2022
폭력범죄,체포감금,경기도,용인,경기 용인,22
폭력범죄,협박,경기도,용인,경기 용인,324
폭력범죄,약취유인,경기도,용인,경기 용인,6
폭력범죄,폭력행위등,경기도,용인,경기 용인,80
폭력범죄,공갈,경기도,용인,경기 용인,71
폭력범죄,손괴,경기도,용인,경기 용인,895
지능범죄,직무유기,경기도,용인,경기 용인,4
지능범죄,직권남용,경기도,용인,경기 용인,5
지능범죄,증수뢰,경기도,용인,경기 용인,1
지능범죄,통화,경기도,용인,경기 용인,5
지능범죄,문서인장,경기도,용인,경기 용인,153
지능범죄,유가증권인지,경기도,용인,경기 용인,4
지능범죄,사기,경기도,용인,경기 용인,4007
지능범죄,횡령,경기도,용인,경기 용인,852
지능범죄,배임,경기도,용인,경기 용인,97
풍속범죄,성풍속범죄,경기도,용인,경기 용인,198
풍속범죄,도박범죄,경기도,용인,경기 용인,77
특별경제범죄,특별경제범죄,경기도,용인,경기 용인,602
마약범죄,마약범죄,경기도,용인,경기 용인,59
보건범죄,보건범죄,경기도,용인,경기 용인,130
환경범죄,환경범죄,경기도,용인,경기 용인,100
교통범죄,교통범죄,경기도,용인,경기 용인,5910
노동범죄,노동범죄,경기도,용인,경기 용인,3
안보범죄,안보범죄,경기도,용인,경기 용인,1
선거범죄,선거범죄,경기도,용인,경기 용인,0
병역범죄,병역범죄,경기도,용인,경기 용인,166
기타범죄,기타범죄,경기도,용인,경기 용인,2850
강력범죄,살인기수,경기도,의왕,경기 의왕,1
강력범죄,살인미수등,경기도,의왕,경기 의왕,0
강력범죄,강도,경기도,의왕,경기 의왕,0
강력범죄,강간,경기도,의왕,경기 의왕,3
강력범죄,유사강간,경기도,의왕,경기 의왕,3
강력범죄,강제추행,경기도,의왕,경기 의왕,26
강력범죄,기타강간강제추행등,경기도,의왕,경기 의왕,1
강력범죄,방화,경기도,의왕,경기 의왕,2
절도범죄,절도범죄,경기도,의왕,경기 의왕,277
폭력범죄,상해,경기도,의왕,경기 의왕,51
폭력범죄,폭행,경기도,의왕,경기 의왕,269
폭력범죄,체포감금,경기도,의왕,경기 의왕,1
폭력범죄,협박,경기도,의왕,경기 의왕,47
폭력범죄,약취유인,경기도,의왕,경기 의왕,1
폭력범죄,폭력행위등,경기도,의왕,경기 의왕,10
폭력범죄,공갈,경기도,의왕,경기 의왕,4
폭력범죄,손괴,경기도,의왕,경기 의왕,87
지능범죄,직무유기,경기도,의왕,경기 의왕,2
지능범죄,직권남용,경기도,의왕,경기 의왕,1
지능범죄,증수뢰,경기도,의왕,경기 의왕,1
지능범죄,통화,경기도,의왕,경기 의왕,0
지능범죄,문서인장,경기도,의왕,경기 의왕,17
지능범죄,유가증권인지,경기도,의왕,경기 의왕,0
지능범죄,사기,경기도,의왕,경기 의왕,620
지능범죄,횡령,경기도,의왕,경기 의왕,98
지능범죄,배임,경기도,의왕,경기 의왕,10
풍속범죄,성풍속범죄,경기도,의왕,경기 의왕,36
풍속범죄,도박범죄,경기도,의왕,경기 의왕,11
특별경제범죄,특별경제범죄,경기도,의왕,경기 의왕,138
마약범죄,마약범죄,경기도,의왕,경기 의왕,17
보건범죄,보건범죄,경기도,의왕,경기 의왕,8
환경범죄,환경범죄,경기도,의왕,경기 의왕,3
교통범죄,교통범죄,경기도,의왕,경기 의왕,969
노동범죄,노동범죄,경기도,의왕,경기 의왕,3
안보범죄,안보범죄,경기도,의왕,경기 의왕,0
선거범죄,선거범죄,경기도,의왕,경기 의왕,0
병역범죄,병역범죄,경기도,의왕,경기 의왕,21
기타범죄,기타범죄,경기도,의왕,경기 의왕,376
강력범죄,살인기수,경기도,의정부,경기 의정부,3
강력범죄,살인미수등,경기도,의정부,경기 의정부,2
강력범죄,강도,경기도,의정부,경기 의정부,4
강력범죄,강간,경기도,의정부,경기 의정부,57
강력범죄,유사강간,경기도,의정부,경기 의정부,9
강력범죄,강제추행,경기도,의정부,경기 의정부,158
강력범죄,기타강간강제추행등,경기도,의정부,경기 의정부,6
강력범죄,방화,경기도,의정부,경기 의정부,17
절도범죄,절도범죄,경기도,의정부,경기 의정부,1604
폭력범죄,상해,경기도,의정부,경기 의정부,250
폭력범죄,폭행,경기도,의정부,경기 의정부,2227
폭력범죄,체포감금,경기도,의정부,경기 의정부,19
폭력범죄,협박,경기도,의정부,경기 의정부,214
폭력범죄,약취유인,경기도,의정부,경기 의정부,3
폭력범죄,폭력행위등,경기도,의정부,경기 의정부,87
폭력범죄,공갈,경기도,의정부,경기 의정부,28
폭력범죄,손괴,경기도,의정부,경기 의정부,637
지능범죄,직무유기,경기도,의정부,경기 의정부,1
지능범죄,직권남용,경기도,의정부,경기 의정부,3
지능범죄,증수뢰,경기도,의정부,경기 의정부,2
지능범죄,통화,경기도,의정부,경기 의정부,6
지능범죄,문서인장,경기도,의정부,경기 의정부,93
지능범죄,유가증권인지,경기도,의정부,경기 의정부,3
지능범죄,사기,경기도,의정부,경기 의정부,2549
지능범죄,횡령,경기도,의정부,경기 의정부,687
지능범죄,배임,경기도,의정부,경기 의정부,30
풍속범죄,성풍속범죄,경기도,의정부,경기 의정부,134
풍속범죄,도박범죄,경기도,의정부,경기 의정부,64
특별경제범죄,특별경제범죄,경기도,의정부,경기 의정부,450
마약범죄,마약범죄,경기도,의정부,경기 의정부,123
보건범죄,보건범죄,경기도,의정부,경기 의정부,86
환경범죄,환경범죄,경기도,의정부,경기 의정부,10
교통범죄,교통범죄,경기도,의정부,경기 의정부,2776
노동범죄,노동범죄,경기도,의정부,경기 의정부,1
안보범죄,안보범죄,경기도,의정부,경기 의정부,0
선거범죄,선거범죄,경기도,의정부,경기 의정부,0
병역범죄,병역범죄,경기도,의정부,경기 의정부,194
기타범죄,기타범죄,경기도,의정부,경기 의정부,1746
강력범죄,살인기수,경기도,이천,경기 이천,1
강력범죄,살인미수등,경기도,이천,경기 이천,1
강력범죄,강도,경기도,이천,경기 이천,1
강력범죄,강간,경기도,이천,경기 이천,20
강력범죄,유사강간,경기도,이천,경기 이천,4
강력범죄,강제추행,경기도,이천,경기 이천,85
강력범죄,기타강간강제추행등,경기도,이천,경기 이천,0
강력범죄,방화,경기도,이천,경기 이천,6
절도범죄,절도범죄,경기도,이천,경기 이천,829
폭력범죄,상해,경기도,이천,경기 이천,149
폭력범죄,폭행,경기도,이천,경기 이천,861
폭력범죄,체포감금,경기도,이천,경기 이천,3
폭력범죄,협박,경기도,이천,경기 이천,126
폭력범죄,약취유인,경기도,이천,경기 이천,1
폭력범죄,폭력행위등,경기도,이천,경기 이천,50
폭력범죄,공갈,경기도,이천,경기 이천,11
폭력범죄,손괴,경기도,이천,경기 이천,358
지능범죄,직무유기,경기도,이천,경기 이천,2
지능범죄,직권남용,경기도,이천,경기 이천,1
지능범죄,증수뢰,경기도,이천,경기 이천,2
지능범죄,통화,경기도,이천,경기 이천,2
지능범죄,문서인장,경기도,이천,경기 이천,34
지능범죄,유가증권인지,경기도,이천,경기 이천,1
지능범죄,사기,경기도,이천,경기 이천,1297
지능범죄,횡령,경기도,이천,경기 이천,181
지능범죄,배임,경기도,이천,경기 이천,13
풍속범죄,성풍속범죄,경기도,이천,경기 이천,43
풍속범죄,도박범죄,경기도,이천,경기 이천,28
특별경제범죄,특별경제범죄,경기도,이천,경기 이천,251
마약범죄,마약범죄,경기도,이천,경기 이천,28
보건범죄,보건범죄,경기도,이천,경기 이천,41
환경범죄,환경범죄,경기도,이천,경기 이천,58
교통범죄,교통범죄,경기도,이천,경기 이천,2165
노동범죄,노동범죄,경기도,이천,경기 이천,2
안보범죄,안보범죄,경기도,이천,경기 이천,0
선거범죄,선거범죄,경기도,이천,경기 이천,11
병역범죄,병역범죄,경기도,이천,경기 이천,88
기타범죄,기타범죄,경기도,이천,경기 이천,1036
강력범죄,살인기수,경기도,파주,경기 파주,0
강력범죄,살인미수등,경기도,파주,경기 파주,5
강력범죄,강도,경기도,파주,경기 파주,4
강력범죄,강간,경기도,파주,경기 파주,39
강력범죄,유사강간,경기도,파주,경기 파주,9
강력범죄,강제추행,경기도,파주,경기 파주,91
강력범죄,기타강간강제추행등,경기도,파주,경기 파주,2
강력범죄,방화,경기도,파주,경기 파주,9
절도범죄,절도범죄,경기도,파주,경기 파주,939
폭력범죄,상해,경기도,파주,경기 파주,265
폭력범죄,폭행,경기도,파주,경기 파주,986
폭력범죄,체포감금,경기도,파주,경기 파주,14
폭력범죄,협박,경기도,파주,경기 파주,160
폭력범죄,약취유인,경기도,파주,경기 파주,4
폭력범죄,폭력행위등,경기도,파주,경기 파주,58
폭력범죄,공갈,경기도,파주,경기 파주,31
폭력범죄,손괴,경기도,파주,경기 파주,450
지능범죄,직무유기,경기도,파주,경기 파주,3
지능범죄,직권남용,경기도,파주,경기 파주,5
지능범죄,증수뢰,경기도,파주,경기 파주,0
지능범죄,통화,경기도,파주,경기 파주,5
지능범죄,문서인장,경기도,파주,경기 파주,89
지능범죄,유가증권인지,경기도,파주,경기 파주,1
지능범죄,사기,경기도,파주,경기 파주,2707
지능범죄,횡령,경기도,파주,경기 파주,483
지능범죄,배임,경기도,파주,경기 파주,32
풍속범죄,성풍속범죄,경기도,파주,경기 파주,74
풍속범죄,도박범죄,경기도,파주,경기 파주,37
특별경제범죄,특별경제범죄,경기도,파주,경기 파주,366
마약범죄,마약범죄,경기도,파주,경기 파주,32
보건범죄,보건범죄,경기도,파주,경기 파주,87
환경범죄,환경범죄,경기도,파주,경기 파주,108
교통범죄,교통범죄,경기도,파주,경기 파주,3133
노동범죄,노동범죄,경기도,파주,경기 파주,7
안보범죄,안보범죄,경기도,파주,경기 파주,5
선거범죄,선거범죄,경기도,파주,경기 파주,1
병역범죄,병역범죄,경기도,파주,경기 파주,193
기타범죄,기타범죄,경기도,파주,경기 파주,1523
강력범죄,살인기수,경기도,평택,경기 평택,3
강력범죄,살인미수등,경기도,평택,경기 평택,5
강력범죄,강도,경기도,평택,경기 평택,12
강력범죄,강간,경기도,평택,경기 평택,37
강력범죄,유사강간,경기도,평택,경기 평택,7
강력범죄,강제추행,경기도,평택,경기 평택,154
강력범죄,기타강간강제추행등,경기도,평택,경기 평택,3
강력범죄,방화,경기도,평택,경기 평택,25
절도범죄,절도범죄,경기도,평택,경기 평택,2185
폭력범죄,상해,경기도,평택,경기 평택,556
폭력범죄,폭행,경기도,평택,경기 평택,2356
폭력범죄,체포감금,경기도,평택,경기 평택,27
폭력범죄,협박,경기도,평택,경기 평택,316
폭력범죄,약취유인,경기도,평택,경기 평택,3
폭력범죄,폭력행위등,경기도,평택,경기 평택,114
폭력범죄,공갈,경기도,평택,경기 평택,50
폭력범죄,손괴,경기도,평택,경기 평택,922
지능범죄,직무유기,경기도,평택,경기 평택,2
지능범죄,직권남용,경기도,평택,경기 평택,11
지능범죄,증수뢰,경기도,평택,경기 평택,2
지능범죄,통화,경기도,평택,경기 평택,27
지능범죄,문서인장,경기도,평택,경기 평택,105
지능범죄,유가증권인지,경기도,평택,경기 평택,1
지능범죄,사기,경기도,평택,경기 평택,4009
지능범죄,횡령,경기도,평택,경기 평택,592
지능범죄,배임,경기도,평택,경기 평택,53
풍속범죄,성풍속범죄,경기도,평택,경기 평택,96
풍속범죄,도박범죄,경기도,평택,경기 평택,58
특별경제범죄,특별경제범죄,경기도,평택,경기 평택,700
마약범죄,마약범죄,경기도,평택,경기 평택,84
보건범죄,보건범죄,경기도,평택,경기 평택,154
환경범죄,환경범죄,경기도,평택,경기 평택,53
교통범죄,교통범죄,경기도,평택,경기 평택,6491
노동범죄,노동범죄,경기도,평택,경기 평택,9
안보범죄,안보범죄,경기도,평택,경기 평택,0
선거범죄,선거범죄,경기도,평택,경기 평택,7
병역범죄,병역범죄,경기도,평택,경기 평택,133
기타범죄,기타범죄,경기도,평택,경기 평택,4138
강력범죄,살인기수,경기도,포천,경기 포천,2
강력범죄,살인미수등,경기도,포천,경기 포천,8
강력범죄,강도,경기도,포천,경기 포천,4
강력범죄,강간,경기도,포천,경기 포천,16
강력범죄,유사강간,경기도,포천,경기 포천,3
강력범죄,강제추행,경기도,포천,경기 포천,47
강력범죄,기타강간강제추행등,경기도,포천,경기 포천,2
강력범죄,방화,경기도,포천,경기 포천,5
절도범죄,절도범죄,경기도,포천,경기 포천,523
폭력범죄,상해,경기도,포천,경기 포천,157
폭력범죄,폭행,경기도,포천,경기 포천,501
폭력범죄,체포감금,경기도,포천,경기 포천,8
폭력범죄,협박,경기도,포천,경기 포천,88
폭력범죄,약취유인,경기도,포천,경기 포천,2
폭력범죄,폭력행위등,경기도,포천,경기 포천,42
폭력범죄,공갈,경기도,포천,경기 포천,12
폭력범죄,손괴,경기도,포천,경기 포천,246
지능범죄,직무유기,경기도,포천,경기 포천,1
지능범죄,직권남용,경기도,포천,경기 포천,0
지능범죄,증수뢰,경기도,포천,경기 포천,1
지능범죄,통화,경기도,포천,경기 포천,1
지능범죄,문서인장,경기도,포천,경기 포천,38
지능범죄,유가증권인지,경기도,포천,경기 포천,1
지능범죄,사기,경기도,포천,경기 포천,1121
지능범죄,횡령,경기도,포천,경기 포천,154
지능범죄,배임,경기도,포천,경기 포천,20
풍속범죄,성풍속범죄,경기도,포천,경기 포천,27
풍속범죄,도박범죄,경기도,포천,경기 포천,30
특별경제범죄,특별경제범죄,경기도,포천,경기 포천,202
마약범죄,마약범죄,경기도,포천,경기 포천,105
보건범죄,보건범죄,경기도,포천,경기 포천,20
환경범죄,환경범죄,경기도,포천,경기 포천,170
교통범죄,교통범죄,경기도,포천,경기 포천,1811
노동범죄,노동범죄,경기도,포천,경기 포천,4
안보범죄,안보범죄,경기도,포천,경기 포천,0
선거범죄,선거범죄,경기도,포천,경기 포천,5
병역범죄,병역범죄,경기도,포천,경기 포천,76
기타범죄,기타범죄,경기도,포천,경기 포천,807
강력범죄,살인기수,경기도,하남,경기 하남,0
강력범죄,살인미수등,경기도,하남,경기 하남,0
강력범죄,강도,경기도,하남,경기 하남,1
강력범죄,강간,경기도,하남,경기 하남,12
강력범죄,유사강간,경기도,하남,경기 하남,3
강력범죄,강제추행,경기도,하남,경기 하남,48
강력범죄,기타강간강제추행등,경기도,하남,경기 하남,0
강력범죄,방화,경기도,하남,경기 하남,3
절도범죄,절도범죄,경기도,하남,경기 하남,737
폭력범죄,상해,경기도,하남,경기 하남,78
폭력범죄,폭행,경기도,하남,경기 하남,581
폭력범죄,체포감금,경기도,하남,경기 하남,3
폭력범죄,협박,경기도,하남,경기 하남,95
폭력범죄,약취유인,경기도,하남,경기 하남,2
폭력범죄,폭력행위등,경기도,하남,경기 하남,21
폭력범죄,공갈,경기도,하남,경기 하남,9
폭력범죄,손괴,경기도,하남,경기 하남,214
지능범죄,직무유기,경기도,하남,경기 하남,2
지능범죄,직권남용,경기도,하남,경기 하남,3
지능범죄,증수뢰,경기도,하남,경기 하남,1
지능범죄,통화,경기도,하남,경기 하남,2
지능범죄,문서인장,경기도,하남,경기 하남,15
지능범죄,유가증권인지,경기도,하남,경기 하남,0
지능범죄,사기,경기도,하남,경기 하남,1016
지능범죄,횡령,경기도,하남,경기 하남,245
지능범죄,배임,경기도,하남,경기 하남,9
풍속범죄,성풍속범죄,경기도,하남,경기 하남,48
풍속범죄,도박범죄,경기도,하남,경기 하남,41
특별경제범죄,특별경제범죄,경기도,하남,경기 하남,195
마약범죄,마약범죄,경기도,하남,경기 하남,24
보건범죄,보건범죄,경기도,하남,경기 하남,47
환경범죄,환경범죄,경기도,하남,경기 하남,34
교통범죄,교통범죄,경기도,하남,경기 하남,1611
노동범죄,노동범죄,경기도,하남,경기 하남,1
안보범죄,안보범죄,경기도,하남,경기 하남,0
선거범죄,선거범죄,경기도,하남,경기 하남,0
병역범죄,병역범죄,경기도,하남,경기 하남,59
기타범죄,기타범죄,경기도,하남,경기 하남,738
강력범죄,살인기수,경기도,화성,경기 화성,3
강력범죄,살인미수등,경기도,화성,경기 화성,11
강력범죄,강도,경기도,화성,경기 화성,7
강력범죄,강간,경기도,화성,경기 화성,47
강력범죄,유사강간,경기도,화성,경기 화성,9
강력범죄,강제추행,경기도,화성,경기 화성,147
강력범죄,기타강간강제추행등,경기도,화성,경기 화성,1
강력범죄,방화,경기도,화성,경기 화성,18
절도범죄,절도범죄,경기도,화성,경기 화성,2151
폭력범죄,상해,경기도,화성,경기 화성,414
폭력범죄,폭행,경기도,화성,경기 화성,2465
폭력범죄,체포감금,경기도,화성,경기 화성,28
폭력범죄,협박,경기도,화성,경기 화성,268
폭력범죄,약취유인,경기도,화성,경기 화성,4
폭력범죄,폭력행위등,경기도,화성,경기 화성,127
폭력범죄,공갈,경기도,화성,경기 화성,53
폭력범죄,손괴,경기도,화성,경기 화성,894
지능범죄,직무유기,경기도,화성,경기 화성,3
지능범죄,직권남용,경기도,화성,경기 화성,5
지능범죄,증수뢰,경기도,화성,경기 화성,2
지능범죄,통화,경기도,화성,경기 화성,4
지능범죄,문서인장,경기도,화성,경기 화성,95
지능범죄,유가증권인지,경기도,화성,경기 화성,1
지능범죄,사기,경기도,화성,경기 화성,3494
지능범죄,횡령,경기도,화성,경기 화성,659
지능범죄,배임,경기도,화성,경기 화성,54
풍속범죄,성풍속범죄,경기도,화성,경기 화성,146
풍속범죄,도박범죄,경기도,화성,경기 화성,67
특별경제범죄,특별경제범죄,경기도,화성,경기 화성,676
마약범죄,마약범죄,경기도,화성,경기 화성,124
보건범죄,보건범죄,경기도,화성,경기 화성,197
환경범죄,환경범죄,경기도,화성,경기 화성,315
교통범죄,교통범죄,경기도,화성,경기 화성,5792
노동범죄,노동범죄,경기도,화성,경기 화성,12
안보범죄,안보범죄,경기도,화성,경기 화성,1
선거범죄,선거범죄,경기도,화성,경기 화성,2
병역범죄,병역범죄,경기도,화성,경기 화성,184
기타범죄,기타범죄,경기도,화성,경기 화성,3254
강력범죄,살인기수,강원도,강릉,강원 강릉,1
강력범죄,살인미수등,강원도,강릉,강원 강릉,2
강력범죄,강도,강원도,강릉,강원 강릉,4
강력범죄,강간,강원도,강릉,강원 강릉,23
강력범죄,유사강간,강원도,강릉,강원 강릉,4
강력범죄,강제추행,강원도,강릉,강원 강릉,76
강력범죄,기타강간강제추행등,강원도,강릉,강원 강릉,0
강력범죄,방화,강원도,강릉,강원 강릉,11
절도범죄,절도범죄,강원도,강릉,강원 강릉,726
폭력범죄,상해,강원도,강릉,강원 강릉,254
폭력범죄,폭행,강원도,강릉,강원 강릉,671
폭력범죄,체포감금,강원도,강릉,강원 강릉,10
폭력범죄,협박,강원도,강릉,강원 강릉,75
폭력범죄,약취유인,강원도,강릉,강원 강릉,2
폭력범죄,폭력행위등,강원도,강릉,강원 강릉,39
폭력범죄,공갈,강원도,강릉,강원 강릉,24
폭력범죄,손괴,강원도,강릉,강원 강릉,314
지능범죄,직무유기,강원도,강릉,강원 강릉,4
지능범죄,직권남용,강원도,강릉,강원 강릉,5
지능범죄,증수뢰,강원도,강릉,강원 강릉,1
지능범죄,통화,강원도,강릉,강원 강릉,3
지능범죄,문서인장,강원도,강릉,강원 강릉,49
지능범죄,유가증권인지,강원도,강릉,강원 강릉,0
지능범죄,사기,강원도,강릉,강원 강릉,1034
지능범죄,횡령,강원도,강릉,강원 강릉,185
지능범죄,배임,강원도,강릉,강원 강릉,16
풍속범죄,성풍속범죄,강원도,강릉,강원 강릉,37
풍속범죄,도박범죄,강원도,강릉,강원 강릉,11
특별경제범죄,특별경제범죄,강원도,강릉,강원 강릉,162
마약범죄,마약범죄,강원도,강릉,강원 강릉,26
보건범죄,보건범죄,강원도,강릉,강원 강릉,124
환경범죄,환경범죄,강원도,강릉,강원 강릉,24
교통범죄,교통범죄,강원도,강릉,강원 강릉,1615
노동범죄,노동범죄,강원도,강릉,강원 강릉,4
안보범죄,안보범죄,강원도,강릉,강원 강릉,0
선거범죄,선거범죄,강원도,강릉,강원 강릉,5
병역범죄,병역범죄,강원도,강릉,강원 강릉,14
기타범죄,기타범죄,강원도,강릉,강원 강릉,1306
강력범죄,살인기수,강원도,동해,강원 동해,0
강력범죄,살인미수등,강원도,동해,강원 동해,1
강력범죄,강도,강원도,동해,강원 동해,2
강력범죄,강간,강원도,동해,강원 동해,10
강력범죄,유사강간,강원도,동해,강원 동해,0
강력범죄,강제추행,강원도,동해,강원 동해,25
강력범죄,기타강간강제추행등,강원도,동해,강원 동해,0
강력범죄,방화,강원도,동해,강원 동해,1
절도범죄,절도범죄,강원도,동해,강원 동해,171
폭력범죄,상해,강원도,동해,강원 동해,120
폭력범죄,폭행,강원도,동해,강원 동해,243
폭력범죄,체포감금,강원도,동해,강원 동해,1
폭력범죄,협박,강원도,동해,강원 동해,34
폭력범죄,약취유인,강원도,동해,강원 동해,0
폭력범죄,폭력행위등,강원도,동해,강원 동해,32
폭력범죄,공갈,강원도,동해,강원 동해,3
폭력범죄,손괴,강원도,동해,강원 동해,123
지능범죄,직무유기,강원도,동해,강원 동해,1
지능범죄,직권남용,강원도,동해,강원 동해,2
지능범죄,증수뢰,강원도,동해,강원 동해,0
지능범죄,통화,강원도,동해,강원 동해,0
지능범죄,문서인장,강원도,동해,강원 동해,11
지능범죄,유가증권인지,강원도,동해,강원 동해,0
지능범죄,사기,강원도,동해,강원 동해,294
지능범죄,횡령,강원도,동해,강원 동해,31
지능범죄,배임,강원도,동해,강원 동해,10
풍속범죄,성풍속범죄,강원도,동해,강원 동해,7
풍속범죄,도박범죄,강원도,동해,강원 동해,11
특별경제범죄,특별경제범죄,강원도,동해,강원 동해,73
마약범죄,마약범죄,강원도,동해,강원 동해,9
보건범죄,보건범죄,강원도,동해,강원 동해,23
환경범죄,환경범죄,강원도,동해,강원 동해,16
교통범죄,교통범죄,강원도,동해,강원 동해,572
노동범죄,노동범죄,강원도,동해,강원 동해,3
안보범죄,안보범죄,강원도,동해,강원 동해,0
선거범죄,선거범죄,강원도,동해,강원 동해,2
병역범죄,병역범죄,강원도,동해,강원 동해,42
기타범죄,기타범죄,강원도,동해,강원 동해,375
강력범죄,살인기수,강원도,삼척,강원 삼척,0
강력범죄,살인미수등,강원도,삼척,강원 삼척,0
강력범죄,강도,강원도,삼척,강원 삼척,0
강력범죄,강간,강원도,삼척,강원 삼척,9
강력범죄,유사강간,강원도,삼척,강원 삼척,2
강력범죄,강제추행,강원도,삼척,강원 삼척,16
강력범죄,기타강간강제추행등,강원도,삼척,강원 삼척,0
강력범죄,방화,강원도,삼척,강원 삼척,1
절도범죄,절도범죄,강원도,삼척,강원 삼척,127
폭력범죄,상해,강원도,삼척,강원 삼척,91
폭력범죄,폭행,강원도,삼척,강원 삼척,228
폭력범죄,체포감금,강원도,삼척,강원 삼척,1
폭력범죄,협박,강원도,삼척,강원 삼척,38
폭력범죄,약취유인,강원도,삼척,강원 삼척,2
폭력범죄,폭력행위등,강원도,삼척,강원 삼척,18
폭력범죄,공갈,강원도,삼척,강원 삼척,12
폭력범죄,손괴,강원도,삼척,강원 삼척,84
지능범죄,직무유기,강원도,삼척,강원 삼척,0
지능범죄,직권남용,강원도,삼척,강원 삼척,0
지능범죄,증수뢰,강원도,삼척,강원 삼척,0
지능범죄,통화,강원도,삼척,강원 삼척,0
지능범죄,문서인장,강원도,삼척,강원 삼척,8
지능범죄,유가증권인지,강원도,삼척,강원 삼척,0
지능범죄,사기,강원도,삼척,강원 삼척,314
지능범죄,횡령,강원도,삼척,강원 삼척,44
지능범죄,배임,강원도,삼척,강원 삼척,1
풍속범죄,성풍속범죄,강원도,삼척,강원 삼척,12
풍속범죄,도박범죄,강원도,삼척,강원 삼척,5
특별경제범죄,특별경제범죄,강원도,삼척,강원 삼척,52
마약범죄,마약범죄,강원도,삼척,강원 삼척,11
보건범죄,보건범죄,강원도,삼척,강원 삼척,10
환경범죄,환경범죄,강원도,삼척,강원 삼척,14
교통범죄,교통범죄,강원도,삼척,강원 삼척,584
노동범죄,노동범죄,강원도,삼척,강원 삼척,0
안보범죄,안보범죄,강원도,삼척,강원 삼척,0
선거범죄,선거범죄,강원도,삼척,강원 삼척,6
병역범죄,병역범죄,강원도,삼척,강원 삼척,2
기타범죄,기타범죄,강원도,삼척,강원 삼척,266
강력범죄,살인기수,강원도,속초,강원 속초,3
강력범죄,살인미수등,강원도,속초,강원 속초,0
강력범죄,강도,강원도,속초,강원 속초,2
강력범죄,강간,강원도,속초,강원 속초,12
강력범죄,유사강간,강원도,속초,강원 속초,0
강력범죄,강제추행,강원도,속초,강원 속초,20
강력범죄,기타강간강제추행등,강원도,속초,강원 속초,0
강력범죄,방화,강원도,속초,강원 속초,1
절도범죄,절도범죄,강원도,속초,강원 속초,287
폭력범죄,상해,강원도,속초,강원 속초,105
폭력범죄,폭행,강원도,속초,강원 속초,368
폭력범죄,체포감금,강원도,속초,강원 속초,1
폭력범죄,협박,강원도,속초,강원 속초,57
폭력범죄,약취유인,강원도,속초,강원 속초,0
폭력범죄,폭력행위등,강원도,속초,강원 속초,20
폭력범죄,공갈,강원도,속초,강원 속초,14
폭력범죄,손괴,강원도,속초,강원 속초,129
지능범죄,직무유기,강원도,속초,강원 속초,1
지능범죄,직권남용,강원도,속초,강원 속초,0
지능범죄,증수뢰,강원도,속초,강원 속초,1
지능범죄,통화,강원도,속초,강원 속초,1
지능범죄,문서인장,강원도,속초,강원 속초,22
지능범죄,유가증권인지,강원도,속초,강원 속초,0
지능범죄,사기,강원도,속초,강원 속초,528
지능범죄,횡령,강원도,속초,강원 속초,80
지능범죄,배임,강원도,속초,강원 속초,8
풍속범죄,성풍속범죄,강원도,속초,강원 속초,22
풍속범죄,도박범죄,강원도,속초,강원 속초,15
특별경제범죄,특별경제범죄,강원도,속초,강원 속초,125
마약범죄,마약범죄,강원도,속초,강원 속초,3
보건범죄,보건범죄,강원도,속초,강원 속초,66
환경범죄,환경범죄,강원도,속초,강원 속초,12
교통범죄,교통범죄,강원도,속초,강원 속초,677
노동범죄,노동범죄,강원도,속초,강원 속초,1
안보범죄,안보범죄,강원도,속초,강원 속초,0
선거범죄,선거범죄,강원도,속초,강원 속초,4
병역범죄,병역범죄,강원도,속초,강원 속초,9
기타범죄,기타범죄,강원도,속초,강원 속초,414
강력범죄,살인기수,강원도,원주,강원 원주,1
강력범죄,살인미수등,강원도,원주,강원 원주,0
강력범죄,강도,강원도,원주,강원 원주,8
강력범죄,강간,강원도,원주,강원 원주,51
강력범죄,유사강간,강원도,원주,강원 원주,11
강력범죄,강제추행,강원도,원주,강원 원주,121
강력범죄,기타강간강제추행등,강원도,원주,강원 원주,0
강력범죄,방화,강원도,원주,강원 원주,5
절도범죄,절도범죄,강원도,원주,강원 원주,1302
폭력범죄,상해,강원도,원주,강원 원주,329
폭력범죄,폭행,강원도,원주,강원 원주,789
폭력범죄,체포감금,강원도,원주,강원 원주,8
폭력범죄,협박,강원도,원주,강원 원주,141
폭력범죄,약취유인,강원도,원주,강원 원주,4
폭력범죄,폭력행위등,강원도,원주,강원 원주,60
폭력범죄,공갈,강원도,원주,강원 원주,26
폭력범죄,손괴,강원도,원주,강원 원주,439
지능범죄,직무유기,강원도,원주,강원 원주,3
지능범죄,직권남용,강원도,원주,강원 원주,2
지능범죄,증수뢰,강원도,원주,강원 원주,0
지능범죄,통화,강원도,원주,강원 원주,3
지능범죄,문서인장,강원도,원주,강원 원주,88
지능범죄,유가증권인지,강원도,원주,강원 원주,0
지능범죄,사기,강원도,원주,강원 원주,2158
지능범죄,횡령,강원도,원주,강원 원주,268
지능범죄,배임,강원도,원주,강원 원주,36
풍속범죄,성풍속범죄,강원도,원주,강원 원주,78
풍속범죄,도박범죄,강원도,원주,강원 원주,138
특별경제범죄,특별경제범죄,강원도,원주,강원 원주,352
마약범죄,마약범죄,강원도,원주,강원 원주,87
보건범죄,보건범죄,강원도,원주,강원 원주,114
환경범죄,환경범죄,강원도,원주,강원 원주,27
교통범죄,교통범죄,강원도,원주,강원 원주,3135
노동범죄,노동범죄,강원도,원주,강원 원주,1
안보범죄,안보범죄,강원도,원주,강원 원주,0
선거범죄,선거범죄,강원도,원주,강원 원주,2
병역범죄,병역범죄,강원도,원주,강원 원주,60
기타범죄,기타범죄,강원도,원주,강원 원주,1508
강력범죄,살인기수,강원도,춘천,강원 춘천,0
강력범죄,살인미수등,강원도,춘천,강원 춘천,5
강력범죄,강도,강원도,춘천,강원 춘천,3
강력범죄,강간,강원도,춘천,강원 춘천,17
강력범죄,유사강간,강원도,춘천,강원 춘천,5
강력범죄,강제추행,강원도,춘천,강원 춘천,78
강력범죄,기타강간강제추행등,강원도,춘천,강원 춘천,2
강력범죄,방화,강원도,춘천,강원 춘천,8
절도범죄,절도범죄,강원도,춘천,강원 춘천,879
폭력범죄,상해,강원도,춘천,강원 춘천,281
폭력범죄,폭행,강원도,춘천,강원 춘천,672
폭력범죄,체포감금,강원도,춘천,강원 춘천,5
폭력범죄,협박,강원도,춘천,강원 춘천,111
폭력범죄,약취유인,강원도,춘천,강원 춘천,1
폭력범죄,폭력행위등,강원도,춘천,강원 춘천,58
폭력범죄,공갈,강원도,춘천,강원 춘천,27
폭력범죄,손괴,강원도,춘천,강원 춘천,311
지능범죄,직무유기,강원도,춘천,강원 춘천,5
지능범죄,직권남용,강원도,춘천,강원 춘천,13
지능범죄,증수뢰,강원도,춘천,강원 춘천,0
지능범죄,통화,강원도,춘천,강원 춘천,7
지능범죄,문서인장,강원도,춘천,강원 춘천,60
지능범죄,유가증권인지,강원도,춘천,강원 춘천,0
지능범죄,사기,강원도,춘천,강원 춘천,1342
지능범죄,횡령,강원도,춘천,강원 춘천,182
지능범죄,배임,강원도,춘천,강원 춘천,13
풍속범죄,성풍속범죄,강원도,춘천,강원 춘천,51
풍속범죄,도박범죄,강원도,춘천,강원 춘천,108
특별경제범죄,특별경제범죄,강원도,춘천,강원 춘천,212
마약범죄,마약범죄,강원도,춘천,강원 춘천,33
보건범죄,보건범죄,강원도,춘천,강원 춘천,33
환경범죄,환경범죄,강원도,춘천,강원 춘천,24
교통범죄,교통범죄,강원도,춘천,강원 춘천,2405
노동범죄,노동범죄,강원도,춘천,강원 춘천,0
안보범죄,안보범죄,강원도,춘천,강원 춘천,0
선거범죄,선거범죄,강원도,춘천,강원 춘천,1
병역범죄,병역범죄,강원도,춘천,강원 춘천,46
기타범죄,기타범죄,강원도,춘천,강원 춘천,1131
강력범죄,살인기수,강원도,태백,강원 태백,0
강력범죄,살인미수등,강원도,태백,강원 태백,0
강력범죄,강도,강원도,태백,강원 태백,4
강력범죄,강간,강원도,태백,강원 태백,9
강력범죄,유사강간,강원도,태백,강원 태백,2
강력범죄,강제추행,강원도,태백,강원 태백,15
강력범죄,기타강간강제추행등,강원도,태백,강원 태백,0
강력범죄,방화,강원도,태백,강원 태백,1
절도범죄,절도범죄,강원도,태백,강원 태백,90
폭력범죄,상해,강원도,태백,강원 태백,58
폭력범죄,폭행,강원도,태백,강원 태백,128
폭력범죄,체포감금,강원도,태백,강원 태백,4
폭력범죄,협박,강원도,태백,강원 태백,26
폭력범죄,약취유인,강원도,태백,강원 태백,0
폭력범죄,폭력행위등,강원도,태백,강원 태백,9
폭력범죄,공갈,강원도,태백,강원 태백,2
폭력범죄,손괴,강원도,태백,강원 태백,68
지능범죄,직무유기,강원도,태백,강원 태백,0
지능범죄,직권남용,강원도,태백,강원 태백,1
지능범죄,증수뢰,강원도,태백,강원 태백,0
지능범죄,통화,강원도,태백,강원 태백,1
지능범죄,문서인장,강원도,태백,강원 태백,8
지능범죄,유가증권인지,강원도,태백,강원 태백,0
지능범죄,사기,강원도,태백,강원 태백,287
지능범죄,횡령,강원도,태백,강원 태백,27
지능범죄,배임,강원도,태백,강원 태백,2
풍속범죄,성풍속범죄,강원도,태백,강원 태백,3
풍속범죄,도박범죄,강원도,태백,강원 태백,4
특별경제범죄,특별경제범죄,강원도,태백,강원 태백,33
마약범죄,마약범죄,강원도,태백,강원 태백,3
보건범죄,보건범죄,강원도,태백,강원 태백,15
환경범죄,환경범죄,강원도,태백,강원 태백,3
교통범죄,교통범죄,강원도,태백,강원 태백,364
노동범죄,노동범죄,강원도,태백,강원 태백,0
안보범죄,안보범죄,강원도,태백,강원 태백,0
선거범죄,선거범죄,강원도,태백,강원 태백,1
병역범죄,병역범죄,강원도,태백,강원 태백,2
기타범죄,기타범죄,강원도,태백,강원 태백,195
강력범죄,살인기수,충북,제천,충북 제천,0
강력범죄,살인미수등,충북,제천,충북 제천,3
강력범죄,강도,충북,제천,충북 제천,4
강력범죄,강간,충북,제천,충북 제천,8
강력범죄,유사강간,충북,제천,충북 제천,6
강력범죄,강제추행,충북,제천,충북 제천,38
강력범죄,기타강간강제추행등,충북,제천,충북 제천,1
강력범죄,방화,충북,제천,충북 제천,9
절도범죄,절도범죄,충북,제천,충북 제천,386
폭력범죄,상해,충북,제천,충북 제천,101
폭력범죄,폭행,충북,제천,충북 제천,275
폭력범죄,체포감금,충북,제천,충북 제천,6
폭력범죄,협박,충북,제천,충북 제천,53
폭력범죄,약취유인,충북,제천,충북 제천,0
폭력범죄,폭력행위등,충북,제천,충북 제천,11
폭력범죄,공갈,충북,제천,충북 제천,7
폭력범죄,손괴,충북,제천,충북 제천,135
지능범죄,직무유기,충북,제천,충북 제천,0
지능범죄,직권남용,충북,제천,충북 제천,1
지능범죄,증수뢰,충북,제천,충북 제천,0
지능범죄,통화,충북,제천,충북 제천,1
지능범죄,문서인장,충북,제천,충북 제천,18
지능범죄,유가증권인지,충북,제천,충북 제천,0
지능범죄,사기,충북,제천,충북 제천,723
지능범죄,횡령,충북,제천,충북 제천,82
지능범죄,배임,충북,제천,충북 제천,9
풍속범죄,성풍속범죄,충북,제천,충북 제천,19
풍속범죄,도박범죄,충북,제천,충북 제천,11
특별경제범죄,특별경제범죄,충북,제천,충북 제천,73
마약범죄,마약범죄,충북,제천,충북 제천,18
보건범죄,보건범죄,충북,제천,충북 제천,24
환경범죄,환경범죄,충북,제천,충북 제천,6
교통범죄,교통범죄,충북,제천,충북 제천,1210
노동범죄,노동범죄,충북,제천,충북 제천,3
안보범죄,안보범죄,충북,제천,충북 제천,0
선거범죄,선거범죄,충북,제천,충북 제천,0
병역범죄,병역범죄,충북,제천,충북 제천,17
기타범죄,기타범죄,충북,제천,충북 제천,425
강력범죄,살인기수,충북,청주,충북 청주,4
강력범죄,살인미수등,충북,청주,충북 청주,10
강력범죄,강도,충북,청주,충북 청주,22
강력범죄,강간,충북,청주,충북 청주,83
강력범죄,유사강간,충북,청주,충북 청주,10
강력범죄,강제추행,충북,청주,충북 청주,260
강력범죄,기타강간강제추행등,충북,청주,충북 청주,7
강력범죄,방화,충북,청주,충북 청주,22
절도범죄,절도범죄,충북,청주,충북 청주,3429
폭력범죄,상해,충북,청주,충북 청주,693
폭력범죄,폭행,충북,청주,충북 청주,2291
폭력범죄,체포감금,충북,청주,충북 청주,21
폭력범죄,협박,충북,청주,충북 청주,374
폭력범죄,약취유인,충북,청주,충북 청주,6
폭력범죄,폭력행위등,충북,청주,충북 청주,122
폭력범죄,공갈,충북,청주,충북 청주,95
폭력범죄,손괴,충북,청주,충북 청주,1084
지능범죄,직무유기,충북,청주,충북 청주,9
지능범죄,직권남용,충북,청주,충북 청주,10
지능범죄,증수뢰,충북,청주,충북 청주,3
지능범죄,통화,충북,청주,충북 청주,6
지능범죄,문서인장,충북,청주,충북 청주,199
지능범죄,유가증권인지,충북,청주,충북 청주,1
지능범죄,사기,충북,청주,충북 청주,4646
지능범죄,횡령,충북,청주,충북 청주,612
지능범죄,배임,충북,청주,충북 청주,29
풍속범죄,성풍속범죄,충북,청주,충북 청주,208
풍속범죄,도박범죄,충북,청주,충북 청주,105
특별경제범죄,특별경제범죄,충북,청주,충북 청주,701
마약범죄,마약범죄,충북,청주,충북 청주,104
보건범죄,보건범죄,충북,청주,충북 청주,88
환경범죄,환경범죄,충북,청주,충북 청주,10
교통범죄,교통범죄,충북,청주,충북 청주,7361
노동범죄,노동범죄,충북,청주,충북 청주,11
안보범죄,안보범죄,충북,청주,충북 청주,1
선거범죄,선거범죄,충북,청주,충북 청주,9
병역범죄,병역범죄,충북,청주,충북 청주,190
기타범죄,기타범죄,충북,청주,충북 청주,3064
강력범죄,살인기수,충북,충주,충북 충주,1
강력범죄,살인미수등,충북,충주,충북 충주,4
강력범죄,강도,충북,충주,충북 충주,2
강력범죄,강간,충북,충주,충북 충주,17
강력범죄,유사강간,충북,충주,충북 충주,3
강력범죄,강제추행,충북,충주,충북 충주,50
강력범죄,기타강간강제추행등,충북,충주,충북 충주,3
강력범죄,방화,충북,충주,충북 충주,10
절도범죄,절도범죄,충북,충주,충북 충주,833
폭력범죄,상해,충북,충주,충북 충주,165
폭력범죄,폭행,충북,충주,충북 충주,396
폭력범죄,체포감금,충북,충주,충북 충주,2
폭력범죄,협박,충북,충주,충북 충주,84
폭력범죄,약취유인,충북,충주,충북 충주,1
폭력범죄,폭력행위등,충북,충주,충북 충주,28
폭력범죄,공갈,충북,충주,충북 충주,19
폭력범죄,손괴,충북,충주,충북 충주,264
지능범죄,직무유기,충북,충주,충북 충주,4
지능범죄,직권남용,충북,충주,충북 충주,5
지능범죄,증수뢰,충북,충주,충북 충주,2
지능범죄,통화,충북,충주,충북 충주,2
지능범죄,문서인장,충북,충주,충북 충주,53
지능범죄,유가증권인지,충북,충주,충북 충주,0
지능범죄,사기,충북,충주,충북 충주,1161
지능범죄,횡령,충북,충주,충북 충주,160
지능범죄,배임,충북,충주,충북 충주,13
풍속범죄,성풍속범죄,충북,충주,충북 충주,38
풍속범죄,도박범죄,충북,충주,충북 충주,27
특별경제범죄,특별경제범죄,충북,충주,충북 충주,139
마약범죄,마약범죄,충북,충주,충북 충주,34
보건범죄,보건범죄,충북,충주,충북 충주,15
환경범죄,환경범죄,충북,충주,충북 충주,6
교통범죄,교통범죄,충북,충주,충북 충주,1984
노동범죄,노동범죄,충북,충주,충북 충주,2
안보범죄,안보범죄,충북,충주,충북 충주,0
선거범죄,선거범죄,충북,충주,충북 충주,2
병역범죄,병역범죄,충북,충주,충북 충주,45
기타범죄,기타범죄,충북,충주,충북 충주,719
강력범죄,살인기수,충남,계룡,충남 계룡,0
강력범죄,살인미수등,충남,계룡,충남 계룡,0
강력범죄,강도,충남,계룡,충남 계룡,0
강력범죄,강간,충남,계룡,충남 계룡,4
강력범죄,유사강간,충남,계룡,충남 계룡,1
강력범죄,강제추행,충남,계룡,충남 계룡,2
강력범죄,기타강간강제추행등,충남,계룡,충남 계룡,1
강력범죄,방화,충남,계룡,충남 계룡,0
절도범죄,절도범죄,충남,계룡,충남 계룡,72
폭력범죄,상해,충남,계룡,충남 계룡,21
폭력범죄,폭행,충남,계룡,충남 계룡,40
폭력범죄,체포감금,충남,계룡,충남 계룡,0
폭력범죄,협박,충남,계룡,충남 계룡,5
폭력범죄,약취유인,충남,계룡,충남 계룡,0
폭력범죄,폭력행위등,충남,계룡,충남 계룡,1
폭력범죄,공갈,충남,계룡,충남 계룡,2
폭력범죄,손괴,충남,계룡,충남 계룡,25
지능범죄,직무유기,충남,계룡,충남 계룡,0
지능범죄,직권남용,충남,계룡,충남 계룡,1
지능범죄,증수뢰,충남,계룡,충남 계룡,1
지능범죄,통화,충남,계룡,충남 계룡,0
지능범죄,문서인장,충남,계룡,충남 계룡,4
지능범죄,유가증권인지,충남,계룡,충남 계룡,0
지능범죄,사기,충남,계룡,충남 계룡,94
지능범죄,횡령,충남,계룡,충남 계룡,17
지능범죄,배임,충남,계룡,충남 계룡,1
풍속범죄,성풍속범죄,충남,계룡,충남 계룡,2
풍속범죄,도박범죄,충남,계룡,충남 계룡,5
특별경제범죄,특별경제범죄,충남,계룡,충남 계룡,8
마약범죄,마약범죄,충남,계룡,충남 계룡,0
보건범죄,보건범죄,충남,계룡,충남 계룡,3
환경범죄,환경범죄,충남,계룡,충남 계룡,0
교통범죄,교통범죄,충남,계룡,충남 계룡,111
노동범죄,노동범죄,충남,계룡,충남 계룡,0
안보범죄,안보범죄,충남,계룡,충남 계룡,0
선거범죄,선거범죄,충남,계룡,충남 계룡,0
병역범죄,병역범죄,충남,계룡,충남 계룡,2
기타범죄,기타범죄,충남,계룡,충남 계룡,114
강력범죄,살인기수,충남,공주,충남 공주,0
강력범죄,살인미수등,충남,공주,충남 공주,0
강력범죄,강도,충남,공주,충남 공주,3
강력범죄,강간,충남,공주,충남 공주,7
강력범죄,유사강간,충남,공주,충남 공주,4
강력범죄,강제추행,충남,공주,충남 공주,24
강력범죄,기타강간강제추행등,충남,공주,충남 공주,1
강력범죄,방화,충남,공주,충남 공주,5
절도범죄,절도범죄,충남,공주,충남 공주,372
폭력범죄,상해,충남,공주,충남 공주,130
폭력범죄,폭행,충남,공주,충남 공주,175
폭력범죄,체포감금,충남,공주,충남 공주,0
폭력범죄,협박,충남,공주,충남 공주,48
폭력범죄,약취유인,충남,공주,충남 공주,0
폭력범죄,폭력행위등,충남,공주,충남 공주,11
폭력범죄,공갈,충남,공주,충남 공주,9
폭력범죄,손괴,충남,공주,충남 공주,102
지능범죄,직무유기,충남,공주,충남 공주,3
지능범죄,직권남용,충남,공주,충남 공주,2
지능범죄,증수뢰,충남,공주,충남 공주,0
지능범죄,통화,충남,공주,충남 공주,1
지능범죄,문서인장,충남,공주,충남 공주,22
지능범죄,유가증권인지,충남,공주,충남 공주,1
지능범죄,사기,충남,공주,충남 공주,464
지능범죄,횡령,충남,공주,충남 공주,74
지능범죄,배임,충남,공주,충남 공주,12
풍속범죄,성풍속범죄,충남,공주,충남 공주,12
풍속범죄,도박범죄,충남,공주,충남 공주,15
특별경제범죄,특별경제범죄,충남,공주,충남 공주,71
마약범죄,마약범죄,충남,공주,충남 공주,21
보건범죄,보건범죄,충남,공주,충남 공주,8
환경범죄,환경범죄,충남,공주,충남 공주,3
교통범죄,교통범죄,충남,공주,충남 공주,978
노동범죄,노동범죄,충남,공주,충남 공주,0
안보범죄,안보범죄,충남,공주,충남 공주,0
선거범죄,선거범죄,충남,공주,충남 공주,7
병역범죄,병역범죄,충남,공주,충남 공주,3
기타범죄,기타범죄,충남,공주,충남 공주,418
강력범죄,살인기수,충남,논산,충남 논산,3
강력범죄,살인미수등,충남,논산,충남 논산,4
강력범죄,강도,충남,논산,충남 논산,0
강력범죄,강간,충남,논산,충남 논산,15
강력범죄,유사강간,충남,논산,충남 논산,0
강력범죄,강제추행,충남,논산,충남 논산,16
강력범죄,기타강간강제추행등,충남,논산,충남 논산,0
강력범죄,방화,충남,논산,충남 논산,8
절도범죄,절도범죄,충남,논산,충남 논산,437
폭력범죄,상해,충남,논산,충남 논산,130
폭력범죄,폭행,충남,논산,충남 논산,218
폭력범죄,체포감금,충남,논산,충남 논산,1
폭력범죄,협박,충남,논산,충남 논산,39
폭력범죄,약취유인,충남,논산,충남 논산,1
폭력범죄,폭력행위등,충남,논산,충남 논산,10
폭력범죄,공갈,충남,논산,충남 논산,9
폭력범죄,손괴,충남,논산,충남 논산,142
지능범죄,직무유기,충남,논산,충남 논산,2
지능범죄,직권남용,충남,논산,충남 논산,0
지능범죄,증수뢰,충남,논산,충남 논산,0
지능범죄,통화,충남,논산,충남 논산,0
지능범죄,문서인장,충남,논산,충남 논산,30
지능범죄,유가증권인지,충남,논산,충남 논산,0
지능범죄,사기,충남,논산,충남 논산,700
지능범죄,횡령,충남,논산,충남 논산,82
지능범죄,배임,충남,논산,충남 논산,6
풍속범죄,성풍속범죄,충남,논산,충남 논산,16
풍속범죄,도박범죄,충남,논산,충남 논산,8
특별경제범죄,특별경제범죄,충남,논산,충남 논산,101
마약범죄,마약범죄,충남,논산,충남 논산,12
보건범죄,보건범죄,충남,논산,충남 논산,9
환경범죄,환경범죄,충남,논산,충남 논산,9
교통범죄,교통범죄,충남,논산,충남 논산,764
노동범죄,노동범죄,충남,논산,충남 논산,1
안보범죄,안보범죄,충남,논산,충남 논산,0
선거범죄,선거범죄,충남,논산,충남 논산,1
병역범죄,병역범죄,충남,논산,충남 논산,44
기타범죄,기타범죄,충남,논산,충남 논산,440
강력범죄,살인기수,충남,당진,충남 당진,2
강력범죄,살인미수등,충남,당진,충남 당진,3
강력범죄,강도,충남,당진,충남 당진,1
강력범죄,강간,충남,당진,충남 당진,21
강력범죄,유사강간,충남,당진,충남 당진,0
강력범죄,강제추행,충남,당진,충남 당진,37
강력범죄,기타강간강제추행등,충남,당진,충남 당진,2
강력범죄,방화,충남,당진,충남 당진,8
절도범죄,절도범죄,충남,당진,충남 당진,544
폭력범죄,상해,충남,당진,충남 당진,172
폭력범죄,폭행,충남,당진,충남 당진,315
폭력범죄,체포감금,충남,당진,충남 당진,4
폭력범죄,협박,충남,당진,충남 당진,49
폭력범죄,약취유인,충남,당진,충남 당진,0
폭력범죄,폭력행위등,충남,당진,충남 당진,20
폭력범죄,공갈,충남,당진,충남 당진,4
폭력범죄,손괴,충남,당진,충남 당진,168
지능범죄,직무유기,충남,당진,충남 당진,1
지능범죄,직권남용,충남,당진,충남 당진,1
지능범죄,증수뢰,충남,당진,충남 당진,1
지능범죄,통화,충남,당진,충남 당진,1
지능범죄,문서인장,충남,당진,충남 당진,43
지능범죄,유가증권인지,충남,당진,충남 당진,1
지능범죄,사기,충남,당진,충남 당진,941
지능범죄,횡령,충남,당진,충남 당진,108
지능범죄,배임,충남,당진,충남 당진,18
풍속범죄,성풍속범죄,충남,당진,충남 당진,25
풍속범죄,도박범죄,충남,당진,충남 당진,23
특별경제범죄,특별경제범죄,충남,당진,충남 당진,139
마약범죄,마약범죄,충남,당진,충남 당진,33
보건범죄,보건범죄,충남,당진,충남 당진,18
환경범죄,환경범죄,충남,당진,충남 당진,24
교통범죄,교통범죄,충남,당진,충남 당진,1508
노동범죄,노동범죄,충남,당진,충남 당진,1
안보범죄,안보범죄,충남,당진,충남 당진,0
선거범죄,선거범죄,충남,당진,충남 당진,2
병역범죄,병역범죄,충남,당진,충남 당진,31
기타범죄,기타범죄,충남,당진,충남 당진,763
강력범죄,살인기수,충남,보령,충남 보령,0
강력범죄,살인미수등,충남,보령,충남 보령,1
강력범죄,강도,충남,보령,충남 보령,0
강력범죄,강간,충남,보령,충남 보령,23
강력범죄,유사강간,충남,보령,충남 보령,2
강력범죄,강제추행,충남,보령,충남 보령,36
강력범죄,기타강간강제추행등,충남,보령,충남 보령,1
강력범죄,방화,충남,보령,충남 보령,3
절도범죄,절도범죄,충남,보령,충남 보령,338
폭력범죄,상해,충남,보령,충남 보령,112
폭력범죄,폭행,충남,보령,충남 보령,190
폭력범죄,체포감금,충남,보령,충남 보령,3
폭력범죄,협박,충남,보령,충남 보령,34
폭력범죄,약취유인,충남,보령,충남 보령,1
폭력범죄,폭력행위등,충남,보령,충남 보령,21
폭력범죄,공갈,충남,보령,충남 보령,10
폭력범죄,손괴,충남,보령,충남 보령,113
지능범죄,직무유기,충남,보령,충남 보령,2
지능범죄,직권남용,충남,보령,충남 보령,1
지능범죄,증수뢰,충남,보령,충남 보령,0
지능범죄,통화,충남,보령,충남 보령,6
지능범죄,문서인장,충남,보령,충남 보령,27
지능범죄,유가증권인지,충남,보령,충남 보령,0
지능범죄,사기,충남,보령,충남 보령,603
지능범죄,횡령,충남,보령,충남 보령,85
지능범죄,배임,충남,보령,충남 보령,12
풍속범죄,성풍속범죄,충남,보령,충남 보령,19
풍속범죄,도박범죄,충남,보령,충남 보령,13
특별경제범죄,특별경제범죄,충남,보령,충남 보령,85
마약범죄,마약범죄,충남,보령,충남 보령,22
보건범죄,보건범죄,충남,보령,충남 보령,82
환경범죄,환경범죄,충남,보령,충남 보령,10
교통범죄,교통범죄,충남,보령,충남 보령,1059
노동범죄,노동범죄,충남,보령,충남 보령,2
안보범죄,안보범죄,충남,보령,충남 보령,0
선거범죄,선거범죄,충남,보령,충남 보령,6
병역범죄,병역범죄,충남,보령,충남 보령,23
기타범죄,기타범죄,충남,보령,충남 보령,498
강력범죄,살인기수,충남,서산,충남 서산,0
강력범죄,살인미수등,충남,서산,충남 서산,1
강력범죄,강도,충남,서산,충남 서산,1
강력범죄,강간,충남,서산,충남 서산,18
강력범죄,유사강간,충남,서산,충남 서산,1
강력범죄,강제추행,충남,서산,충남 서산,48
강력범죄,기타강간강제추행등,충남,서산,충남 서산,4
강력범죄,방화,충남,서산,충남 서산,8
절도범죄,절도범죄,충남,서산,충남 서산,467
폭력범죄,상해,충남,서산,충남 서산,193
폭력범죄,폭행,충남,서산,충남 서산,454
폭력범죄,체포감금,충남,서산,충남 서산,0
폭력범죄,협박,충남,서산,충남 서산,53
폭력범죄,약취유인,충남,서산,충남 서산,1
폭력범죄,폭력행위등,충남,서산,충남 서산,20
폭력범죄,공갈,충남,서산,충남 서산,19
폭력범죄,손괴,충남,서산,충남 서산,254
지능범죄,직무유기,충남,서산,충남 서산,1
지능범죄,직권남용,충남,서산,충남 서산,0
지능범죄,증수뢰,충남,서산,충남 서산,1
지능범죄,통화,충남,서산,충남 서산,8
지능범죄,문서인장,충남,서산,충남 서산,39
지능범죄,유가증권인지,충남,서산,충남 서산,0
지능범죄,사기,충남,서산,충남 서산,985
지능범죄,횡령,충남,서산,충남 서산,129
지능범죄,배임,충남,서산,충남 서산,13
풍속범죄,성풍속범죄,충남,서산,충남 서산,11
풍속범죄,도박범죄,충남,서산,충남 서산,12
특별경제범죄,특별경제범죄,충남,서산,충남 서산,104
마약범죄,마약범죄,충남,서산,충남 서산,22
보건범죄,보건범죄,충남,서산,충남 서산,18
환경범죄,환경범죄,충남,서산,충남 서산,12
교통범죄,교통범죄,충남,서산,충남 서산,1427
노동범죄,노동범죄,충남,서산,충남 서산,4
안보범죄,안보범죄,충남,서산,충남 서산,0
선거범죄,선거범죄,충남,서산,충남 서산,1
병역범죄,병역범죄,충남,서산,충남 서산,32
기타범죄,기타범죄,충남,서산,충남 서산,719
강력범죄,살인기수,충남,아산,충남 아산,2
강력범죄,살인미수등,충남,아산,충남 아산,5
강력범죄,강도,충남,아산,충남 아산,12
강력범죄,강간,충남,아산,충남 아산,21
강력범죄,유사강간,충남,아산,충남 아산,3
강력범죄,강제추행,충남,아산,충남 아산,86
강력범죄,기타강간강제추행등,충남,아산,충남 아산,4
강력범죄,방화,충남,아산,충남 아산,9
절도범죄,절도범죄,충남,아산,충남 아산,1298
폭력범죄,상해,충남,아산,충남 아산,277
폭력범죄,폭행,충남,아산,충남 아산,990
폭력범죄,체포감금,충남,아산,충남 아산,11
폭력범죄,협박,충남,아산,충남 아산,158
폭력범죄,약취유인,충남,아산,충남 아산,2
폭력범죄,폭력행위등,충남,아산,충남 아산,73
폭력범죄,공갈,충남,아산,충남 아산,20
폭력범죄,손괴,충남,아산,충남 아산,482
지능범죄,직무유기,충남,아산,충남 아산,1
지능범죄,직권남용,충남,아산,충남 아산,4
지능범죄,증수뢰,충남,아산,충남 아산,1
지능범죄,통화,충남,아산,충남 아산,6
지능범죄,문서인장,충남,아산,충남 아산,64
지능범죄,유가증권인지,충남,아산,충남 아산,0
지능범죄,사기,충남,아산,충남 아산,1436
지능범죄,횡령,충남,아산,충남 아산,284
지능범죄,배임,충남,아산,충남 아산,14
풍속범죄,성풍속범죄,충남,아산,충남 아산,53
풍속범죄,도박범죄,충남,아산,충남 아산,44
특별경제범죄,특별경제범죄,충남,아산,충남 아산,251
마약범죄,마약범죄,충남,아산,충남 아산,38
보건범죄,보건범죄,충남,아산,충남 아산,33
환경범죄,환경범죄,충남,아산,충남 아산,9
교통범죄,교통범죄,충남,아산,충남 아산,2219
노동범죄,노동범죄,충남,아산,충남 아산,2
안보범죄,안보범죄,충남,아산,충남 아산,0
선거범죄,선거범죄,충남,아산,충남 아산,4
병역범죄,병역범죄,충남,아산,충남 아산,74
기타범죄,기타범죄,충남,아산,충남 아산,1116
강력범죄,살인기수,충남,천안,충남 천안,3
강력범죄,살인미수등,충남,천안,충남 천안,10
강력범죄,강도,충남,천안,충남 천안,13
강력범죄,강간,충남,천안,충남 천안,83
강력범죄,유사강간,충남,천안,충남 천안,7
강력범죄,강제추행,충남,천안,충남 천안,190
강력범죄,기타강간강제추행등,충남,천안,충남 천안,4
강력범죄,방화,충남,천안,충남 천안,18
절도범죄,절도범죄,충남,천안,충남 천안,3328
폭력범죄,상해,충남,천안,충남 천안,510
폭력범죄,폭행,충남,천안,충남 천안,1613
폭력범죄,체포감금,충남,천안,충남 천안,23
폭력범죄,협박,충남,천안,충남 천안,270
폭력범죄,약취유인,충남,천안,충남 천안,2
폭력범죄,폭력행위등,충남,천안,충남 천안,109
폭력범죄,공갈,충남,천안,충남 천안,45
폭력범죄,손괴,충남,천안,충남 천안,852
지능범죄,직무유기,충남,천안,충남 천안,5
지능범죄,직권남용,충남,천안,충남 천안,1
지능범죄,증수뢰,충남,천안,충남 천안,4
지능범죄,통화,충남,천안,충남 천안,16
지능범죄,문서인장,충남,천안,충남 천안,125
지능범죄,유가증권인지,충남,천안,충남 천안,1
지능범죄,사기,충남,천안,충남 천안,4297
지능범죄,횡령,충남,천안,충남 천안,837
지능범죄,배임,충남,천안,충남 천안,85
풍속범죄,성풍속범죄,충남,천안,충남 천안,168
풍속범죄,도박범죄,충남,천안,충남 천안,50
특별경제범죄,특별경제범죄,충남,천안,충남 천안,625
마약범죄,마약범죄,충남,천안,충남 천안,88
보건범죄,보건범죄,충남,천안,충남 천안,103
환경범죄,환경범죄,충남,천안,충남 천안,78
교통범죄,교통범죄,충남,천안,충남 천안,5233
노동범죄,노동범죄,충남,천안,충남 천안,3
안보범죄,안보범죄,충남,천안,충남 천안,1
선거범죄,선거범죄,충남,천안,충남 천안,2
병역범죄,병역범죄,충남,천안,충남 천안,241
기타범죄,기타범죄,충남,천안,충남 천안,2754
강력범죄,살인기수,전북,군산,전북 군산,3
강력범죄,살인미수등,전북,군산,전북 군산,2
강력범죄,강도,전북,군산,전북 군산,7
강력범죄,강간,전북,군산,전북 군산,25
강력범죄,유사강간,전북,군산,전북 군산,1
강력범죄,강제추행,전북,군산,전북 군산,98
강력범죄,기타강간강제추행등,전북,군산,전북 군산,1
강력범죄,방화,전북,군산,전북 군산,12
절도범죄,절도범죄,전북,군산,전북 군산,929
폭력범죄,상해,전북,군산,전북 군산,263
폭력범죄,폭행,전북,군산,전북 군산,918
폭력범죄,체포감금,전북,군산,전북 군산,5
폭력범죄,협박,전북,군산,전북 군산,75
폭력범죄,약취유인,전북,군산,전북 군산,0
폭력범죄,폭력행위등,전북,군산,전북 군산,66
폭력범죄,공갈,전북,군산,전북 군산,26
폭력범죄,손괴,전북,군산,전북 군산,304
지능범죄,직무유기,전북,군산,전북 군산,3
지능범죄,직권남용,전북,군산,전북 군산,4
지능범죄,증수뢰,전북,군산,전북 군산,6
지능범죄,통화,전북,군산,전북 군산,0
지능범죄,문서인장,전북,군산,전북 군산,128
지능범죄,유가증권인지,전북,군산,전북 군산,0
지능범죄,사기,전북,군산,전북 군산,2075
지능범죄,횡령,전북,군산,전북 군산,192
지능범죄,배임,전북,군산,전북 군산,16
풍속범죄,성풍속범죄,전북,군산,전북 군산,53
풍속범죄,도박범죄,전북,군산,전북 군산,112
특별경제범죄,특별경제범죄,전북,군산,전북 군산,215
마약범죄,마약범죄,전북,군산,전북 군산,14
보건범죄,보건범죄,전북,군산,전북 군산,79
환경범죄,환경범죄,전북,군산,전북 군산,12
교통범죄,교통범죄,전북,군산,전북 군산,1981
노동범죄,노동범죄,전북,군산,전북 군산,2
안보범죄,안보범죄,전북,군산,전북 군산,0
선거범죄,선거범죄,전북,군산,전북 군산,7
병역범죄,병역범죄,전북,군산,전북 군산,52
기타범죄,기타범죄,전북,군산,전북 군산,3765
강력범죄,살인기수,전북,김제,전북 김제,0
강력범죄,살인미수등,전북,김제,전북 김제,1
강력범죄,강도,전북,김제,전북 김제,0
강력범죄,강간,전북,김제,전북 김제,5
강력범죄,유사강간,전북,김제,전북 김제,3
강력범죄,강제추행,전북,김제,전북 김제,16
강력범죄,기타강간강제추행등,전북,김제,전북 김제,1
강력범죄,방화,전북,김제,전북 김제,4
절도범죄,절도범죄,전북,김제,전북 김제,219
폭력범죄,상해,전북,김제,전북 김제,62
폭력범죄,폭행,전북,김제,전북 김제,206
폭력범죄,체포감금,전북,김제,전북 김제,0
폭력범죄,협박,전북,김제,전북 김제,26
폭력범죄,약취유인,전북,김제,전북 김제,0
폭력범죄,폭력행위등,전북,김제,전북 김제,9
폭력범죄,공갈,전북,김제,전북 김제,4
폭력범죄,손괴,전북,김제,전북 김제,81
지능범죄,직무유기,전북,김제,전북 김제,2
지능범죄,직권남용,전북,김제,전북 김제,1
지능범죄,증수뢰,전북,김제,전북 김제,1
지능범죄,통화,전북,김제,전북 김제,3
지능범죄,문서인장,전북,김제,전북 김제,24
지능범죄,유가증권인지,전북,김제,전북 김제,0
지능범죄,사기,전북,김제,전북 김제,366
지능범죄,횡령,전북,김제,전북 김제,47
지능범죄,배임,전북,김제,전북 김제,8
풍속범죄,성풍속범죄,전북,김제,전북 김제,10
풍속범죄,도박범죄,전북,김제,전북 김제,11
특별경제범죄,특별경제범죄,전북,김제,전북 김제,43
마약범죄,마약범죄,전북,김제,전북 김제,6
보건범죄,보건범죄,전북,김제,전북 김제,5
환경범죄,환경범죄,전북,김제,전북 김제,6
교통범죄,교통범죄,전북,김제,전북 김제,761
노동범죄,노동범죄,전북,김제,전북 김제,1
안보범죄,안보범죄,전북,김제,전북 김제,0
선거범죄,선거범죄,전북,김제,전북 김제,5
병역범죄,병역범죄,전북,김제,전북 김제,10
기타범죄,기타범죄,전북,김제,전북 김제,252
강력범죄,살인기수,전북,남원,전북 남원,2
강력범죄,살인미수등,전북,남원,전북 남원,1
강력범죄,강도,전북,남원,전북 남원,2
강력범죄,강간,전북,남원,전북 남원,6
강력범죄,유사강간,전북,남원,전북 남원,0
강력범죄,강제추행,전북,남원,전북 남원,21
강력범죄,기타강간강제추행등,전북,남원,전북 남원,1
강력범죄,방화,전북,남원,전북 남원,2
절도범죄,절도범죄,전북,남원,전북 남원,205
폭력범죄,상해,전북,남원,전북 남원,61
폭력범죄,폭행,전북,남원,전북 남원,177
폭력범죄,체포감금,전북,남원,전북 남원,2
폭력범죄,협박,전북,남원,전북 남원,25
폭력범죄,약취유인,전북,남원,전북 남원,0
폭력범죄,폭력행위등,전북,남원,전북 남원,8
폭력범죄,공갈,전북,남원,전북 남원,2
폭력범죄,손괴,전북,남원,전북 남원,77
지능범죄,직무유기,전북,남원,전북 남원,0
지능범죄,직권남용,전북,남원,전북 남원,2
지능범죄,증수뢰,전북,남원,전북 남원,0
지능범죄,통화,전북,남원,전북 남원,0
지능범죄,문서인장,전북,남원,전북 남원,12
지능범죄,유가증권인지,전북,남원,전북 남원,0
지능범죄,사기,전북,남원,전북 남원,398
지능범죄,횡령,전북,남원,전북 남원,39
지능범죄,배임,전북,남원,전북 남원,5
풍속범죄,성풍속범죄,전북,남원,전북 남원,6
풍속범죄,도박범죄,전북,남원,전북 남원,14
특별경제범죄,특별경제범죄,전북,남원,전북 남원,48
마약범죄,마약범죄,전북,남원,전북 남원,2
보건범죄,보건범죄,전북,남원,전북 남원,12
환경범죄,환경범죄,전북,남원,전북 남원,5
교통범죄,교통범죄,전북,남원,전북 남원,560
노동범죄,노동범죄,전북,남원,전북 남원,0
안보범죄,안보범죄,전북,남원,전북 남원,0
선거범죄,선거범죄,전북,남원,전북 남원,15
병역범죄,병역범죄,전북,남원,전북 남원,9
기타범죄,기타범죄,전북,남원,전북 남원,278
강력범죄,살인기수,전북,익산,전북 익산,8
강력범죄,살인미수등,전북,익산,전북 익산,3
강력범죄,강도,전북,익산,전북 익산,2
강력범죄,강간,전북,익산,전북 익산,25
강력범죄,유사강간,전북,익산,전북 익산,2
강력범죄,강제추행,전북,익산,전북 익산,71
강력범죄,기타강간강제추행등,전북,익산,전북 익산,1
강력범죄,방화,전북,익산,전북 익산,7
절도범죄,절도범죄,전북,익산,전북 익산,1095
폭력범죄,상해,전북,익산,전북 익산,184
폭력범죄,폭행,전북,익산,전북 익산,926
폭력범죄,체포감금,전북,익산,전북 익산,12
폭력범죄,협박,전북,익산,전북 익산,83
폭력범죄,약취유인,전북,익산,전북 익산,1
폭력범죄,폭력행위등,전북,익산,전북 익산,50
폭력범죄,공갈,전북,익산,전북 익산,18
폭력범죄,손괴,전북,익산,전북 익산,339
지능범죄,직무유기,전북,익산,전북 익산,0
지능범죄,직권남용,전북,익산,전북 익산,2
지능범죄,증수뢰,전북,익산,전북 익산,2
지능범죄,통화,전북,익산,전북 익산,3
지능범죄,문서인장,전북,익산,전북 익산,61
지능범죄,유가증권인지,전북,익산,전북 익산,0
지능범죄,사기,전북,익산,전북 익산,1485
지능범죄,횡령,전북,익산,전북 익산,187
지능범죄,배임,전북,익산,전북 익산,19
풍속범죄,성풍속범죄,전북,익산,전북 익산,41
풍속범죄,도박범죄,전북,익산,전북 익산,35
특별경제범죄,특별경제범죄,전북,익산,전북 익산,214
마약범죄,마약범죄,전북,익산,전북 익산,12
보건범죄,보건범죄,전북,익산,전북 익산,37
환경범죄,환경범죄,전북,익산,전북 익산,76
교통범죄,교통범죄,전북,익산,전북 익산,2008
노동범죄,노동범죄,전북,익산,전북 익산,3
안보범죄,안보범죄,전북,익산,전북 익산,0
선거범죄,선거범죄,전북,익산,전북 익산,5
병역범죄,병역범죄,전북,익산,전북 익산,80
기타범죄,기타범죄,전북,익산,전북 익산,1006
강력범죄,살인기수,전북,전주,전북 전주,4
강력범죄,살인미수등,전북,전주,전북 전주,8
강력범죄,강도,전북,전주,전북 전주,10
강력범죄,강간,전북,전주,전북 전주,84
강력범죄,유사강간,전북,전주,전북 전주,8
강력범죄,강제추행,전북,전주,전북 전주,218
강력범죄,기타강간강제추행등,전북,전주,전북 전주,4
강력범죄,방화,전북,전주,전북 전주,11
절도범죄,절도범죄,전북,전주,전북 전주,2202
폭력범죄,상해,전북,전주,전북 전주,458
폭력범죄,폭행,전북,전주,전북 전주,1707
폭력범죄,체포감금,전북,전주,전북 전주,8
폭력범죄,협박,전북,전주,전북 전주,191
폭력범죄,약취유인,전북,전주,전북 전주,1
폭력범죄,폭력행위등,전북,전주,전북 전주,145
폭력범죄,공갈,전북,전주,전북 전주,69
폭력범죄,손괴,전북,전주,전북 전주,409
지능범죄,직무유기,전북,전주,전북 전주,2
지능범죄,직권남용,전북,전주,전북 전주,8
지능범죄,증수뢰,전북,전주,전북 전주,2
지능범죄,통화,전북,전주,전북 전주,3
지능범죄,문서인장,전북,전주,전북 전주,158
지능범죄,유가증권인지,전북,전주,전북 전주,2
지능범죄,사기,전북,전주,전북 전주,3423
지능범죄,횡령,전북,전주,전북 전주,495
지능범죄,배임,전북,전주,전북 전주,39
풍속범죄,성풍속범죄,전북,전주,전북 전주,144
풍속범죄,도박범죄,전북,전주,전북 전주,107
특별경제범죄,특별경제범죄,전북,전주,전북 전주,392
마약범죄,마약범죄,전북,전주,전북 전주,27
보건범죄,보건범죄,전북,전주,전북 전주,88
환경범죄,환경범죄,전북,전주,전북 전주,15
교통범죄,교통범죄,전북,전주,전북 전주,4350
노동범죄,노동범죄,전북,전주,전북 전주,1
안보범죄,안보범죄,전북,전주,전북 전주,2
선거범죄,선거범죄,전북,전주,전북 전주,6
병역범죄,병역범죄,전북,전주,전북 전주,108
기타범죄,기타범죄,전북,전주,전북 전주,2278
강력범죄,살인기수,전북,정읍,전북 정읍,1
강력범죄,살인미수등,전북,정읍,전북 정읍,0
강력범죄,강도,전북,정읍,전북 정읍,1
강력범죄,강간,전북,정읍,전북 정읍,10
강력범죄,유사강간,전북,정읍,전북 정읍,1
강력범죄,강제추행,전북,정읍,전북 정읍,29
강력범죄,기타강간강제추행등,전북,정읍,전북 정읍,2
강력범죄,방화,전북,정읍,전북 정읍,5
절도범죄,절도범죄,전북,정읍,전북 정읍,363
폭력범죄,상해,전북,정읍,전북 정읍,95
폭력범죄,폭행,전북,정읍,전북 정읍,229
폭력범죄,체포감금,전북,정읍,전북 정읍,4
폭력범죄,협박,전북,정읍,전북 정읍,50
폭력범죄,약취유인,전북,정읍,전북 정읍,0
폭력범죄,폭력행위등,전북,정읍,전북 정읍,24
폭력범죄,공갈,전북,정읍,전북 정읍,15
폭력범죄,손괴,전북,정읍,전북 정읍,81
지능범죄,직무유기,전북,정읍,전북 정읍,7
지능범죄,직권남용,전북,정읍,전북 정읍,3
지능범죄,증수뢰,전북,정읍,전북 정읍,0
지능범죄,통화,전북,정읍,전북 정읍,1
지능범죄,문서인장,전북,정읍,전북 정읍,28
지능범죄,유가증권인지,전북,정읍,전북 정읍,0
지능범죄,사기,전북,정읍,전북 정읍,474
지능범죄,횡령,전북,정읍,전북 정읍,61
지능범죄,배임,전북,정읍,전북 정읍,9
풍속범죄,성풍속범죄,전북,정읍,전북 정읍,20
풍속범죄,도박범죄,전북,정읍,전북 정읍,11
특별경제범죄,특별경제범죄,전북,정읍,전북 정읍,62
마약범죄,마약범죄,전북,정읍,전북 정읍,10
보건범죄,보건범죄,전북,정읍,전북 정읍,27
환경범죄,환경범죄,전북,정읍,전북 정읍,4
교통범죄,교통범죄,전북,정읍,전북 정읍,798
노동범죄,노동범죄,전북,정읍,전북 정읍,2
안보범죄,안보범죄,전북,정읍,전북 정읍,0
선거범죄,선거범죄,전북,정읍,전북 정읍,2
병역범죄,병역범죄,전북,정읍,전북 정읍,7
기타범죄,기타범죄,전북,정읍,전북 정읍,357
강력범죄,살인기수,전남,광양,전남 광양,0
강력범죄,살인미수등,전남,광양,전남 광양,1
강력범죄,강도,전남,광양,전남 광양,0
강력범죄,강간,전남,광양,전남 광양,14
강력범죄,유사강간,전남,광양,전남 광양,3
강력범죄,강제추행,전남,광양,전남 광양,37
강력범죄,기타강간강제추행등,전남,광양,전남 광양,2
강력범죄,방화,전남,광양,전남 광양,4
절도범죄,절도범죄,전남,광양,전남 광양,374
폭력범죄,상해,전남,광양,전남 광양,173
폭력범죄,폭행,전남,광양,전남 광양,339
폭력범죄,체포감금,전남,광양,전남 광양,3
폭력범죄,협박,전남,광양,전남 광양,48
폭력범죄,약취유인,전남,광양,전남 광양,0
폭력범죄,폭력행위등,전남,광양,전남 광양,19
폭력범죄,공갈,전남,광양,전남 광양,15
폭력범죄,손괴,전남,광양,전남 광양,161
지능범죄,직무유기,전남,광양,전남 광양,1
지능범죄,직권남용,전남,광양,전남 광양,1
지능범죄,증수뢰,전남,광양,전남 광양,0
지능범죄,통화,전남,광양,전남 광양,0
지능범죄,문서인장,전남,광양,전남 광양,25
지능범죄,유가증권인지,전남,광양,전남 광양,0
지능범죄,사기,전남,광양,전남 광양,577
지능범죄,횡령,전남,광양,전남 광양,117
지능범죄,배임,전남,광양,전남 광양,11
풍속범죄,성풍속범죄,전남,광양,전남 광양,23
풍속범죄,도박범죄,전남,광양,전남 광양,15
특별경제범죄,특별경제범죄,전남,광양,전남 광양,101
마약범죄,마약범죄,전남,광양,전남 광양,7
보건범죄,보건범죄,전남,광양,전남 광양,38
환경범죄,환경범죄,전남,광양,전남 광양,17
교통범죄,교통범죄,전남,광양,전남 광양,1431
노동범죄,노동범죄,전남,광양,전남 광양,1
안보범죄,안보범죄,전남,광양,전남 광양,0
선거범죄,선거범죄,전남,광양,전남 광양,4
병역범죄,병역범죄,전남,광양,전남 광양,29
기타범죄,기타범죄,전남,광양,전남 광양,574
강력범죄,살인기수,전남,나주,전남 나주,1
강력범죄,살인미수등,전남,나주,전남 나주,2
강력범죄,강도,전남,나주,전남 나주,4
강력범죄,강간,전남,나주,전남 나주,17
강력범죄,유사강간,전남,나주,전남 나주,2
강력범죄,강제추행,전남,나주,전남 나주,26
강력범죄,기타강간강제추행등,전남,나주,전남 나주,1
강력범죄,방화,전남,나주,전남 나주,4
절도범죄,절도범죄,전남,나주,전남 나주,369
폭력범죄,상해,전남,나주,전남 나주,54
폭력범죄,폭행,전남,나주,전남 나주,206
폭력범죄,체포감금,전남,나주,전남 나주,5
폭력범죄,협박,전남,나주,전남 나주,31
폭력범죄,약취유인,전남,나주,전남 나주,0
폭력범죄,폭력행위등,전남,나주,전남 나주,10
폭력범죄,공갈,전남,나주,전남 나주,8
폭력범죄,손괴,전남,나주,전남 나주,101
지능범죄,직무유기,전남,나주,전남 나주,0
지능범죄,직권남용,전남,나주,전남 나주,1
지능범죄,증수뢰,전남,나주,전남 나주,2
지능범죄,통화,전남,나주,전남 나주,1
지능범죄,문서인장,전남,나주,전남 나주,28
지능범죄,유가증권인지,전남,나주,전남 나주,1
지능범죄,사기,전남,나주,전남 나주,436
지능범죄,횡령,전남,나주,전남 나주,87
지능범죄,배임,전남,나주,전남 나주,9
풍속범죄,성풍속범죄,전남,나주,전남 나주,17
풍속범죄,도박범죄,전남,나주,전남 나주,12
특별경제범죄,특별경제범죄,전남,나주,전남 나주,85
마약범죄,마약범죄,전남,나주,전남 나주,6
보건범죄,보건범죄,전남,나주,전남 나주,27
환경범죄,환경범죄,전남,나주,전남 나주,16
교통범죄,교통범죄,전남,나주,전남 나주,963
노동범죄,노동범죄,전남,나주,전남 나주,0
안보범죄,안보범죄,전남,나주,전남 나주,0
선거범죄,선거범죄,전남,나주,전남 나주,8
병역범죄,병역범죄,전남,나주,전남 나주,13
기타범죄,기타범죄,전남,나주,전남 나주,360
강력범죄,살인기수,전남,목포,전남 목포,0
강력범죄,살인미수등,전남,목포,전남 목포,3
강력범죄,강도,전남,목포,전남 목포,8
강력범죄,강간,전남,목포,전남 목포,45
강력범죄,유사강간,전남,목포,전남 목포,6
강력범죄,강제추행,전남,목포,전남 목포,105
강력범죄,기타강간강제추행등,전남,목포,전남 목포,2
강력범죄,방화,전남,목포,전남 목포,13
절도범죄,절도범죄,전남,목포,전남 목포,1162
폭력범죄,상해,전남,목포,전남 목포,293
폭력범죄,폭행,전남,목포,전남 목포,950
폭력범죄,체포감금,전남,목포,전남 목포,7
폭력범죄,협박,전남,목포,전남 목포,148
폭력범죄,약취유인,전남,목포,전남 목포,5
폭력범죄,폭력행위등,전남,목포,전남 목포,100
폭력범죄,공갈,전남,목포,전남 목포,18
폭력범죄,손괴,전남,목포,전남 목포,439
지능범죄,직무유기,전남,목포,전남 목포,3
지능범죄,직권남용,전남,목포,전남 목포,6
지능범죄,증수뢰,전남,목포,전남 목포,4
지능범죄,통화,전남,목포,전남 목포,2
지능범죄,문서인장,전남,목포,전남 목포,70
지능범죄,유가증권인지,전남,목포,전남 목포,0
지능범죄,사기,전남,목포,전남 목포,1333
지능범죄,횡령,전남,목포,전남 목포,269
지능범죄,배임,전남,목포,전남 목포,15
풍속범죄,성풍속범죄,전남,목포,전남 목포,44
풍속범죄,도박범죄,전남,목포,전남 목포,48
특별경제범죄,특별경제범죄,전남,목포,전남 목포,296
마약범죄,마약범죄,전남,목포,전남 목포,10
보건범죄,보건범죄,전남,목포,전남 목포,61
환경범죄,환경범죄,전남,목포,전남 목포,21
교통범죄,교통범죄,전남,목포,전남 목포,2576
노동범죄,노동범죄,전남,목포,전남 목포,9
안보범죄,안보범죄,전남,목포,전남 목포,1
선거범죄,선거범죄,전남,목포,전남 목포,2
병역범죄,병역범죄,전남,목포,전남 목포,41
기타범죄,기타범죄,전남,목포,전남 목포,1240
강력범죄,살인기수,전남,순천,전남 순천,1
강력범죄,살인미수등,전남,순천,전남 순천,3
강력범죄,강도,전남,순천,전남 순천,1
강력범죄,강간,전남,순천,전남 순천,31
강력범죄,유사강간,전남,순천,전남 순천,3
강력범죄,강제추행,전남,순천,전남 순천,88
강력범죄,기타강간강제추행등,전남,순천,전남 순천,3
강력범죄,방화,전남,순천,전남 순천,5
절도범죄,절도범죄,전남,순천,전남 순천,782
폭력범죄,상해,전남,순천,전남 순천,320
폭력범죄,폭행,전남,순천,전남 순천,842
폭력범죄,체포감금,전남,순천,전남 순천,5
폭력범죄,협박,전남,순천,전남 순천,127
폭력범죄,약취유인,전남,순천,전남 순천,0
폭력범죄,폭력행위등,전남,순천,전남 순천,55
폭력범죄,공갈,전남,순천,전남 순천,17
폭력범죄,손괴,전남,순천,전남 순천,323
지능범죄,직무유기,전남,순천,전남 순천,3
지능범죄,직권남용,전남,순천,전남 순천,5
지능범죄,증수뢰,전남,순천,전남 순천,2
지능범죄,통화,전남,순천,전남 순천,0
지능범죄,문서인장,전남,순천,전남 순천,58
지능범죄,유가증권인지,전남,순천,전남 순천,0
지능범죄,사기,전남,순천,전남 순천,1204
지능범죄,횡령,전남,순천,전남 순천,260
지능범죄,배임,전남,순천,전남 순천,18
풍속범죄,성풍속범죄,전남,순천,전남 순천,35
풍속범죄,도박범죄,전남,순천,전남 순천,24
특별경제범죄,특별경제범죄,전남,순천,전남 순천,242
마약범죄,마약범죄,전남,순천,전남 순천,29
보건범죄,보건범죄,전남,순천,전남 순천,24
환경범죄,환경범죄,전남,순천,전남 순천,2
교통범죄,교통범죄,전남,순천,전남 순천,2770
노동범죄,노동범죄,전남,순천,전남 순천,23
안보범죄,안보범죄,전남,순천,전남 순천,0
선거범죄,선거범죄,전남,순천,전남 순천,0
병역범죄,병역범죄,전남,순천,전남 순천,35
기타범죄,기타범죄,전남,순천,전남 순천,996
강력범죄,살인기수,전남,여수,전남 여수,2
강력범죄,살인미수등,전남,여수,전남 여수,0
강력범죄,강도,전남,여수,전남 여수,3
강력범죄,강간,전남,여수,전남 여수,20
강력범죄,유사강간,전남,여수,전남 여수,1
강력범죄,강제추행,전남,여수,전남 여수,65
강력범죄,기타강간강제추행등,전남,여수,전남 여수,2
강력범죄,방화,전남,여수,전남 여수,8
절도범죄,절도범죄,전남,여수,전남 여수,921
폭력범죄,상해,전남,여수,전남 여수,298
폭력범죄,폭행,전남,여수,전남 여수,1081
폭력범죄,체포감금,전남,여수,전남 여수,8
폭력범죄,협박,전남,여수,전남 여수,165
폭력범죄,약취유인,전남,여수,전남 여수,0
폭력범죄,폭력행위등,전남,여수,전남 여수,54
폭력범죄,공갈,전남,여수,전남 여수,30
폭력범죄,손괴,전남,여수,전남 여수,388
지능범죄,직무유기,전남,여수,전남 여수,5
지능범죄,직권남용,전남,여수,전남 여수,2
지능범죄,증수뢰,전남,여수,전남 여수,0
지능범죄,통화,전남,여수,전남 여수,1
지능범죄,문서인장,전남,여수,전남 여수,59
지능범죄,유가증권인지,전남,여수,전남 여수,0
지능범죄,사기,전남,여수,전남 여수,1306
지능범죄,횡령,전남,여수,전남 여수,276
지능범죄,배임,전남,여수,전남 여수,27
풍속범죄,성풍속범죄,전남,여수,전남 여수,46
풍속범죄,도박범죄,전남,여수,전남 여수,44
특별경제범죄,특별경제범죄,전남,여수,전남 여수,226
마약범죄,마약범죄,전남,여수,전남 여수,36
보건범죄,보건범죄,전남,여수,전남 여수,78
환경범죄,환경범죄,전남,여수,전남 여수,69
교통범죄,교통범죄,전남,여수,전남 여수,2740
노동범죄,노동범죄,전남,여수,전남 여수,5
안보범죄,안보범죄,전남,여수,전남 여수,0
선거범죄,선거범죄,전남,여수,전남 여수,8
병역범죄,병역범죄,전남,여수,전남 여수,35
기타범죄,기타범죄,전남,여수,전남 여수,5047
강력범죄,살인기수,경북,경산,경북 경산,2
강력범죄,살인미수등,경북,경산,경북 경산,1
강력범죄,강도,경북,경산,경북 경산,3
강력범죄,강간,경북,경산,경북 경산,36
강력범죄,유사강간,경북,경산,경북 경산,8
강력범죄,강제추행,경북,경산,경북 경산,66
강력범죄,기타강간강제추행등,경북,경산,경북 경산,0
강력범죄,방화,경북,경산,경북 경산,7
절도범죄,절도범죄,경북,경산,경북 경산,1085
폭력범죄,상해,경북,경산,경북 경산,215
폭력범죄,폭행,경북,경산,경북 경산,882
폭력범죄,체포감금,경북,경산,경북 경산,9
폭력범죄,협박,경북,경산,경북 경산,131
폭력범죄,약취유인,경북,경산,경북 경산,0
폭력범죄,폭력행위등,경북,경산,경북 경산,47
폭력범죄,공갈,경북,경산,경북 경산,12
폭력범죄,손괴,경북,경산,경북 경산,358
지능범죄,직무유기,경북,경산,경북 경산,1
지능범죄,직권남용,경북,경산,경북 경산,2
지능범죄,증수뢰,경북,경산,경북 경산,0
지능범죄,통화,경북,경산,경북 경산,2
지능범죄,문서인장,경북,경산,경북 경산,44
지능범죄,유가증권인지,경북,경산,경북 경산,0
지능범죄,사기,경북,경산,경북 경산,1032
지능범죄,횡령,경북,경산,경북 경산,270
지능범죄,배임,경북,경산,경북 경산,8
풍속범죄,성풍속범죄,경북,경산,경북 경산,68
풍속범죄,도박범죄,경북,경산,경북 경산,79
특별경제범죄,특별경제범죄,경북,경산,경북 경산,198
마약범죄,마약범죄,경북,경산,경북 경산,19
보건범죄,보건범죄,경북,경산,경북 경산,19
환경범죄,환경범죄,경북,경산,경북 경산,1
교통범죄,교통범죄,경북,경산,경북 경산,1778
노동범죄,노동범죄,경북,경산,경북 경산,0
안보범죄,안보범죄,경북,경산,경북 경산,2
선거범죄,선거범죄,경북,경산,경북 경산,4
병역범죄,병역범죄,경북,경산,경북 경산,47
기타범죄,기타범죄,경북,경산,경북 경산,860
강력범죄,살인기수,경북,경주,경북 경주,2
강력범죄,살인미수등,경북,경주,경북 경주,1
강력범죄,강도,경북,경주,경북 경주,5
강력범죄,강간,경북,경주,경북 경주,27
강력범죄,유사강간,경북,경주,경북 경주,2
강력범죄,강제추행,경북,경주,경북 경주,63
강력범죄,기타강간강제추행등,경북,경주,경북 경주,3
강력범죄,방화,경북,경주,경북 경주,8
절도범죄,절도범죄,경북,경주,경북 경주,1023
폭력범죄,상해,경북,경주,경북 경주,233
폭력범죄,폭행,경북,경주,경북 경주,612
폭력범죄,체포감금,경북,경주,경북 경주,8
폭력범죄,협박,경북,경주,경북 경주,72
폭력범죄,약취유인,경북,경주,경북 경주,0
폭력범죄,폭력행위등,경북,경주,경북 경주,41
폭력범죄,공갈,경북,경주,경북 경주,18
폭력범죄,손괴,경북,경주,경북 경주,273
지능범죄,직무유기,경북,경주,경북 경주,2
지능범죄,직권남용,경북,경주,경북 경주,0
지능범죄,증수뢰,경북,경주,경북 경주,2
지능범죄,통화,경북,경주,경북 경주,1
지능범죄,문서인장,경북,경주,경북 경주,53
지능범죄,유가증권인지,경북,경주,경북 경주,1
지능범죄,사기,경북,경주,경북 경주,2638
지능범죄,횡령,경북,경주,경북 경주,275
지능범죄,배임,경북,경주,경북 경주,8
풍속범죄,성풍속범죄,경북,경주,경북 경주,44
풍속범죄,도박범죄,경북,경주,경북 경주,22
특별경제범죄,특별경제범죄,경북,경주,경북 경주,169
마약범죄,마약범죄,경북,경주,경북 경주,43
보건범죄,보건범죄,경북,경주,경북 경주,50
환경범죄,환경범죄,경북,경주,경북 경주,75
교통범죄,교통범죄,경북,경주,경북 경주,2660
노동범죄,노동범죄,경북,경주,경북 경주,2
안보범죄,안보범죄,경북,경주,경북 경주,0
선거범죄,선거범죄,경북,경주,경북 경주,6
병역범죄,병역범죄,경북,경주,경북 경주,26
기타범죄,기타범죄,경북,경주,경북 경주,761
강력범죄,살인기수,경북,구미,경북 구미,3
강력범죄,살인미수등,경북,구미,경북 구미,2
강력범죄,강도,경북,구미,경북 구미,4
강력범죄,강간,경북,구미,경북 구미,51
강력범죄,유사강간,경북,구미,경북 구미,7
강력범죄,강제추행,경북,구미,경북 구미,92
강력범죄,기타강간강제추행등,경북,구미,경북 구미,3
강력범죄,방화,경북,구미,경북 구미,14
절도범죄,절도범죄,경북,구미,경북 구미,1530
폭력범죄,상해,경북,구미,경북 구미,300
폭력범죄,폭행,경북,구미,경북 구미,846
폭력범죄,체포감금,경북,구미,경북 구미,11
폭력범죄,협박,경북,구미,경북 구미,129
폭력범죄,약취유인,경북,구미,경북 구미,4
폭력범죄,폭력행위등,경북,구미,경북 구미,63
폭력범죄,공갈,경북,구미,경북 구미,74
폭력범죄,손괴,경북,구미,경북 구미,511
지능범죄,직무유기,경북,구미,경북 구미,2
지능범죄,직권남용,경북,구미,경북 구미,5
지능범죄,증수뢰,경북,구미,경북 구미,0
지능범죄,통화,경북,구미,경북 구미,4
지능범죄,문서인장,경북,구미,경북 구미,71
지능범죄,유가증권인지,경북,구미,경북 구미,0
지능범죄,사기,경북,구미,경북 구미,3413
지능범죄,횡령,경북,구미,경북 구미,268
지능범죄,배임,경북,구미,경북 구미,28
풍속범죄,성풍속범죄,경북,구미,경북 구미,88
풍속범죄,도박범죄,경북,구미,경북 구미,62
특별경제범죄,특별경제범죄,경북,구미,경북 구미,312
마약범죄,마약범죄,경북,구미,경북 구미,31
보건범죄,보건범죄,경북,구미,경북 구미,68
환경범죄,환경범죄,경북,구미,경북 구미,42
교통범죄,교통범죄,경북,구미,경북 구미,3555
노동범죄,노동범죄,경북,구미,경북 구미,0
안보범죄,안보범죄,경북,구미,경북 구미,1
선거범죄,선거범죄,경북,구미,경북 구미,11
병역범죄,병역범죄,경북,구미,경북 구미,134
기타범죄,기타범죄,경북,구미,경북 구미,1417
강력범죄,살인기수,경북,김천,경북 김천,0
강력범죄,살인미수등,경북,김천,경북 김천,2
강력범죄,강도,경북,김천,경북 김천,2
강력범죄,강간,경북,김천,경북 김천,17
강력범죄,유사강간,경북,김천,경북 김천,2
강력범죄,강제추행,경북,김천,경북 김천,30
강력범죄,기타강간강제추행등,경북,김천,경북 김천,0
강력범죄,방화,경북,김천,경북 김천,4
절도범죄,절도범죄,경북,김천,경북 김천,416
폭력범죄,상해,경북,김천,경북 김천,109
폭력범죄,폭행,경북,김천,경북 김천,416
폭력범죄,체포감금,경북,김천,경북 김천,4
폭력범죄,협박,경북,김천,경북 김천,90
폭력범죄,약취유인,경북,김천,경북 김천,0
폭력범죄,폭력행위등,경북,김천,경북 김천,26
폭력범죄,공갈,경북,김천,경북 김천,27
폭력범죄,손괴,경북,김천,경북 김천,153
지능범죄,직무유기,경북,김천,경북 김천,3
지능범죄,직권남용,경북,김천,경북 김천,4
지능범죄,증수뢰,경북,김천,경북 김천,2
지능범죄,통화,경북,김천,경북 김천,0
지능범죄,문서인장,경북,김천,경북 김천,20
지능범죄,유가증권인지,경북,김천,경북 김천,0
지능범죄,사기,경북,김천,경북 김천,614
지능범죄,횡령,경북,김천,경북 김천,100
지능범죄,배임,경북,김천,경북 김천,9
풍속범죄,성풍속범죄,경북,김천,경북 김천,24
풍속범죄,도박범죄,경북,김천,경북 김천,26
특별경제범죄,특별경제범죄,경북,김천,경북 김천,105
마약범죄,마약범죄,경북,김천,경북 김천,19
보건범죄,보건범죄,경북,김천,경북 김천,55
환경범죄,환경범죄,경북,김천,경북 김천,29
교통범죄,교통범죄,경북,김천,경북 김천,1228
노동범죄,노동범죄,경북,김천,경북 김천,1
안보범죄,안보범죄,경북,김천,경북 김천,0
선거범죄,선거범죄,경북,김천,경북 김천,0
병역범죄,병역범죄,경북,김천,경북 김천,19
기타범죄,기타범죄,경북,김천,경북 김천,440
강력범죄,살인기수,경북,문경,경북 문경,1
강력범죄,살인미수등,경북,문경,경북 문경,0
강력범죄,강도,경북,문경,경북 문경,0
강력범죄,강간,경북,문경,경북 문경,9
강력범죄,유사강간,경북,문경,경북 문경,2
강력범죄,강제추행,경북,문경,경북 문경,18
강력범죄,기타강간강제추행등,경북,문경,경북 문경,3
강력범죄,방화,경북,문경,경북 문경,4
절도범죄,절도범죄,경북,문경,경북 문경,169
폭력범죄,상해,경북,문경,경북 문경,79
폭력범죄,폭행,경북,문경,경북 문경,178
폭력범죄,체포감금,경북,문경,경북 문경,3
폭력범죄,협박,경북,문경,경북 문경,28
폭력범죄,약취유인,경북,문경,경북 문경,0
폭력범죄,폭력행위등,경북,문경,경북 문경,8
폭력범죄,공갈,경북,문경,경북 문경,7
폭력범죄,손괴,경북,문경,경북 문경,64
지능범죄,직무유기,경북,문경,경북 문경,0
지능범죄,직권남용,경북,문경,경북 문경,4
지능범죄,증수뢰,경북,문경,경북 문경,0
지능범죄,통화,경북,문경,경북 문경,0
지능범죄,문서인장,경북,문경,경북 문경,19
지능범죄,유가증권인지,경북,문경,경북 문경,0
지능범죄,사기,경북,문경,경북 문경,267
지능범죄,횡령,경북,문경,경북 문경,37
지능범죄,배임,경북,문경,경북 문경,4
풍속범죄,성풍속범죄,경북,문경,경북 문경,8
풍속범죄,도박범죄,경북,문경,경북 문경,10
특별경제범죄,특별경제범죄,경북,문경,경북 문경,35
마약범죄,마약범죄,경북,문경,경북 문경,16
보건범죄,보건범죄,경북,문경,경북 문경,12
환경범죄,환경범죄,경북,문경,경북 문경,2
교통범죄,교통범죄,경북,문경,경북 문경,541
노동범죄,노동범죄,경북,문경,경북 문경,0
안보범죄,안보범죄,경북,문경,경북 문경,0
선거범죄,선거범죄,경북,문경,경북 문경,6
병역범죄,병역범죄,경북,문경,경북 문경,3
기타범죄,기타범죄,경북,문경,경북 문경,240
강력범죄,살인기수,경북,상주,경북 상주,0
강력범죄,살인미수등,경북,상주,경북 상주,2
강력범죄,강도,경북,상주,경북 상주,0
강력범죄,강간,경북,상주,경북 상주,10
강력범죄,유사강간,경북,상주,경북 상주,2
강력범죄,강제추행,경북,상주,경북 상주,27
강력범죄,기타강간강제추행등,경북,상주,경북 상주,0
강력범죄,방화,경북,상주,경북 상주,3
절도범죄,절도범죄,경북,상주,경북 상주,287
폭력범죄,상해,경북,상주,경북 상주,103
폭력범죄,폭행,경북,상주,경북 상주,190
폭력범죄,체포감금,경북,상주,경북 상주,0
폭력범죄,협박,경북,상주,경북 상주,35
폭력범죄,약취유인,경북,상주,경북 상주,0
폭력범죄,폭력행위등,경북,상주,경북 상주,11
폭력범죄,공갈,경북,상주,경북 상주,2
폭력범죄,손괴,경북,상주,경북 상주,87
지능범죄,직무유기,경북,상주,경북 상주,0
지능범죄,직권남용,경북,상주,경북 상주,4
지능범죄,증수뢰,경북,상주,경북 상주,0
지능범죄,통화,경북,상주,경북 상주,0
지능범죄,문서인장,경북,상주,경북 상주,16
지능범죄,유가증권인지,경북,상주,경북 상주,0
지능범죄,사기,경북,상주,경북 상주,393
지능범죄,횡령,경북,상주,경북 상주,39
지능범죄,배임,경북,상주,경북 상주,3
풍속범죄,성풍속범죄,경북,상주,경북 상주,14
풍속범죄,도박범죄,경북,상주,경북 상주,8
특별경제범죄,특별경제범죄,경북,상주,경북 상주,51
마약범죄,마약범죄,경북,상주,경북 상주,23
보건범죄,보건범죄,경북,상주,경북 상주,15
환경범죄,환경범죄,경북,상주,경북 상주,20
교통범죄,교통범죄,경북,상주,경북 상주,794
노동범죄,노동범죄,경북,상주,경북 상주,2
안보범죄,안보범죄,경북,상주,경북 상주,0
선거범죄,선거범죄,경북,상주,경북 상주,12
병역범죄,병역범죄,경북,상주,경북 상주,5
기타범죄,기타범죄,경북,상주,경북 상주,321
강력범죄,살인기수,경북,안동,경북 안동,1
강력범죄,살인미수등,경북,안동,경북 안동,1
강력범죄,강도,경북,안동,경북 안동,1
강력범죄,강간,경북,안동,경북 안동,12
강력범죄,유사강간,경북,안동,경북 안동,2
강력범죄,강제추행,경북,안동,경북 안동,37
강력범죄,기타강간강제추행등,경북,안동,경북 안동,3
강력범죄,방화,경북,안동,경북 안동,7
절도범죄,절도범죄,경북,안동,경북 안동,459
폭력범죄,상해,경북,안동,경북 안동,160
폭력범죄,폭행,경북,안동,경북 안동,416
폭력범죄,체포감금,경북,안동,경북 안동,3
폭력범죄,협박,경북,안동,경북 안동,81
폭력범죄,약취유인,경북,안동,경북 안동,0
폭력범죄,폭력행위등,경북,안동,경북 안동,13
폭력범죄,공갈,경북,안동,경북 안동,12
폭력범죄,손괴,경북,안동,경북 안동,165
지능범죄,직무유기,경북,안동,경북 안동,10
지능범죄,직권남용,경북,안동,경북 안동,4
지능범죄,증수뢰,경북,안동,경북 안동,1
지능범죄,통화,경북,안동,경북 안동,7
지능범죄,문서인장,경북,안동,경북 안동,43
지능범죄,유가증권인지,경북,안동,경북 안동,0
지능범죄,사기,경북,안동,경북 안동,861
지능범죄,횡령,경북,안동,경북 안동,111
지능범죄,배임,경북,안동,경북 안동,6
풍속범죄,성풍속범죄,경북,안동,경북 안동,31
풍속범죄,도박범죄,경북,안동,경북 안동,50
특별경제범죄,특별경제범죄,경북,안동,경북 안동,132
마약범죄,마약범죄,경북,안동,경북 안동,37
보건범죄,보건범죄,경북,안동,경북 안동,19
환경범죄,환경범죄,경북,안동,경북 안동,13
교통범죄,교통범죄,경북,안동,경북 안동,1368
노동범죄,노동범죄,경북,안동,경북 안동,2
안보범죄,안보범죄,경북,안동,경북 안동,0
선거범죄,선거범죄,경북,안동,경북 안동,8
병역범죄,병역범죄,경북,안동,경북 안동,19
기타범죄,기타범죄,경북,안동,경북 안동,546
강력범죄,살인기수,경북,영주,경북 영주,0
강력범죄,살인미수등,경북,영주,경북 영주,2
강력범죄,강도,경북,영주,경북 영주,2
강력범죄,강간,경북,영주,경북 영주,11
강력범죄,유사강간,경북,영주,경북 영주,0
강력범죄,강제추행,경북,영주,경북 영주,22
강력범죄,기타강간강제추행등,경북,영주,경북 영주,0
강력범죄,방화,경북,영주,경북 영주,3
절도범죄,절도범죄,경북,영주,경북 영주,240
폭력범죄,상해,경북,영주,경북 영주,129
폭력범죄,폭행,경북,영주,경북 영주,196
폭력범죄,체포감금,경북,영주,경북 영주,3
폭력범죄,협박,경북,영주,경북 영주,34
폭력범죄,약취유인,경북,영주,경북 영주,0
폭력범죄,폭력행위등,경북,영주,경북 영주,28
폭력범죄,공갈,경북,영주,경북 영주,19
폭력범죄,손괴,경북,영주,경북 영주,114
지능범죄,직무유기,경북,영주,경북 영주,0
지능범죄,직권남용,경북,영주,경북 영주,0
지능범죄,증수뢰,경북,영주,경북 영주,2
지능범죄,통화,경북,영주,경북 영주,1
지능범죄,문서인장,경북,영주,경북 영주,19
지능범죄,유가증권인지,경북,영주,경북 영주,0
지능범죄,사기,경북,영주,경북 영주,507
지능범죄,횡령,경북,영주,경북 영주,33
지능범죄,배임,경북,영주,경북 영주,2
풍속범죄,성풍속범죄,경북,영주,경북 영주,16
풍속범죄,도박범죄,경북,영주,경북 영주,11
특별경제범죄,특별경제범죄,경북,영주,경북 영주,39
마약범죄,마약범죄,경북,영주,경북 영주,27
보건범죄,보건범죄,경북,영주,경북 영주,4
환경범죄,환경범죄,경북,영주,경북 영주,2
교통범죄,교통범죄,경북,영주,경북 영주,715
노동범죄,노동범죄,경북,영주,경북 영주,3
안보범죄,안보범죄,경북,영주,경북 영주,0
선거범죄,선거범죄,경북,영주,경북 영주,2
병역범죄,병역범죄,경북,영주,경북 영주,4
기타범죄,기타범죄,경북,영주,경북 영주,277
강력범죄,살인기수,경북,영천,경북 영천,1
강력범죄,살인미수등,경북,영천,경북 영천,0
강력범죄,강도,경북,영천,경북 영천,3
강력범죄,강간,경북,영천,경북 영천,10
강력범죄,유사강간,경북,영천,경북 영천,1
강력범죄,강제추행,경북,영천,경북 영천,34
강력범죄,기타강간강제추행등,경북,영천,경북 영천,2
강력범죄,방화,경북,영천,경북 영천,2
절도범죄,절도범죄,경북,영천,경북 영천,358
폭력범죄,상해,경북,영천,경북 영천,80
폭력범죄,폭행,경북,영천,경북 영천,242
폭력범죄,체포감금,경북,영천,경북 영천,1
폭력범죄,협박,경북,영천,경북 영천,32
폭력범죄,약취유인,경북,영천,경북 영천,0
폭력범죄,폭력행위등,경북,영천,경북 영천,12
폭력범죄,공갈,경북,영천,경북 영천,12
폭력범죄,손괴,경북,영천,경북 영천,139
지능범죄,직무유기,경북,영천,경북 영천,0
지능범죄,직권남용,경북,영천,경북 영천,1
지능범죄,증수뢰,경북,영천,경북 영천,0
지능범죄,통화,경북,영천,경북 영천,0
지능범죄,문서인장,경북,영천,경북 영천,30
지능범죄,유가증권인지,경북,영천,경북 영천,0
지능범죄,사기,경북,영천,경북 영천,513
지능범죄,횡령,경북,영천,경북 영천,58
지능범죄,배임,경북,영천,경북 영천,11
풍속범죄,성풍속범죄,경북,영천,경북 영천,11
풍속범죄,도박범죄,경북,영천,경북 영천,10
특별경제범죄,특별경제범죄,경북,영천,경북 영천,67
마약범죄,마약범죄,경북,영천,경북 영천,11
보건범죄,보건범죄,경북,영천,경북 영천,16
환경범죄,환경범죄,경북,영천,경북 영천,8
교통범죄,교통범죄,경북,영천,경북 영천,1146
노동범죄,노동범죄,경북,영천,경북 영천,2
안보범죄,안보범죄,경북,영천,경북 영천,1
선거범죄,선거범죄,경북,영천,경북 영천,3
병역범죄,병역범죄,경북,영천,경북 영천,5
기타범죄,기타범죄,경북,영천,경북 영천,327
강력범죄,살인기수,경북,포항,경북 포항,3
강력범죄,살인미수등,경북,포항,경북 포항,2
강력범죄,강도,경북,포항,경북 포항,4
강력범죄,강간,경북,포항,경북 포항,51
강력범죄,유사강간,경북,포항,경북 포항,5
강력범죄,강제추행,경북,포항,경북 포항,108
강력범죄,기타강간강제추행등,경북,포항,경북 포항,7
강력범죄,방화,경북,포항,경북 포항,11
절도범죄,절도범죄,경북,포항,경북 포항,2002
폭력범죄,상해,경북,포항,경북 포항,501
폭력범죄,폭행,경북,포항,경북 포항,1308
폭력범죄,체포감금,경북,포항,경북 포항,9
폭력범죄,협박,경북,포항,경북 포항,142
폭력범죄,약취유인,경북,포항,경북 포항,0
폭력범죄,폭력행위등,경북,포항,경북 포항,134
폭력범죄,공갈,경북,포항,경북 포항,48
폭력범죄,손괴,경북,포항,경북 포항,629
지능범죄,직무유기,경북,포항,경북 포항,2
지능범죄,직권남용,경북,포항,경북 포항,0
지능범죄,증수뢰,경북,포항,경북 포항,1
지능범죄,통화,경북,포항,경북 포항,4
지능범죄,문서인장,경북,포항,경북 포항,72
지능범죄,유가증권인지,경북,포항,경북 포항,1
지능범죄,사기,경북,포항,경북 포항,3016
지능범죄,횡령,경북,포항,경북 포항,301
지능범죄,배임,경북,포항,경북 포항,28
풍속범죄,성풍속범죄,경북,포항,경북 포항,65
풍속범죄,도박범죄,경북,포항,경북 포항,82
특별경제범죄,특별경제범죄,경북,포항,경북 포항,345
마약범죄,마약범죄,경북,포항,경북 포항,36
보건범죄,보건범죄,경북,포항,경북 포항,85
환경범죄,환경범죄,경북,포항,경북 포항,47
교통범죄,교통범죄,경북,포항,경북 포항,4542
노동범죄,노동범죄,경북,포항,경북 포항,11
안보범죄,안보범죄,경북,포항,경북 포항,4
선거범죄,선거범죄,경북,포항,경북 포항,7
병역범죄,병역범죄,경북,포항,경북 포항,96
기타범죄,기타범죄,경북,포항,경북 포항,2501
강력범죄,살인기수,경남,거제,경남 거제,2
강력범죄,살인미수등,경남,거제,경남 거제,2
강력범죄,강도,경남,거제,경남 거제,2
강력범죄,강간,경남,거제,경남 거제,22
강력범죄,유사강간,경남,거제,경남 거제,5
강력범죄,강제추행,경남,거제,경남 거제,58
강력범죄,기타강간강제추행등,경남,거제,경남 거제,2
강력범죄,방화,경남,거제,경남 거제,2
절도범죄,절도범죄,경남,거제,경남 거제,822
폭력범죄,상해,경남,거제,경남 거제,288
폭력범죄,폭행,경남,거제,경남 거제,675
폭력범죄,체포감금,경남,거제,경남 거제,5
폭력범죄,협박,경남,거제,경남 거제,104
폭력범죄,약취유인,경남,거제,경남 거제,1
폭력범죄,폭력행위등,경남,거제,경남 거제,34
폭력범죄,공갈,경남,거제,경남 거제,16
폭력범죄,손괴,경남,거제,경남 거제,225
지능범죄,직무유기,경남,거제,경남 거제,1
지능범죄,직권남용,경남,거제,경남 거제,2
지능범죄,증수뢰,경남,거제,경남 거제,0
지능범죄,통화,경남,거제,경남 거제,1
지능범죄,문서인장,경남,거제,경남 거제,45
지능범죄,유가증권인지,경남,거제,경남 거제,1
지능범죄,사기,경남,거제,경남 거제,1397
지능범죄,횡령,경남,거제,경남 거제,228
지능범죄,배임,경남,거제,경남 거제,19
풍속범죄,성풍속범죄,경남,거제,경남 거제,41
풍속범죄,도박범죄,경남,거제,경남 거제,48
특별경제범죄,특별경제범죄,경남,거제,경남 거제,365
마약범죄,마약범죄,경남,거제,경남 거제,38
보건범죄,보건범죄,경남,거제,경남 거제,53
환경범죄,환경범죄,경남,거제,경남 거제,32
교통범죄,교통범죄,경남,거제,경남 거제,1984
노동범죄,노동범죄,경남,거제,경남 거제,3
안보범죄,안보범죄,경남,거제,경남 거제,1
선거범죄,선거범죄,경남,거제,경남 거제,9
병역범죄,병역범죄,경남,거제,경남 거제,71
기타범죄,기타범죄,경남,거제,경남 거제,938
강력범죄,살인기수,경남,김해,경남 김해,2
강력범죄,살인미수등,경남,김해,경남 김해,0
강력범죄,강도,경남,김해,경남 김해,9
강력범죄,강간,경남,김해,경남 김해,36
강력범죄,유사강간,경남,김해,경남 김해,8
강력범죄,강제추행,경남,김해,경남 김해,116
강력범죄,기타강간강제추행등,경남,김해,경남 김해,4
강력범죄,방화,경남,김해,경남 김해,7
절도범죄,절도범죄,경남,김해,경남 김해,2205
폭력범죄,상해,경남,김해,경남 김해,484
폭력범죄,폭행,경남,김해,경남 김해,1691
폭력범죄,체포감금,경남,김해,경남 김해,19
폭력범죄,협박,경남,김해,경남 김해,179
폭력범죄,약취유인,경남,김해,경남 김해,0
폭력범죄,폭력행위등,경남,김해,경남 김해,81
폭력범죄,공갈,경남,김해,경남 김해,98
폭력범죄,손괴,경남,김해,경남 김해,668
지능범죄,직무유기,경남,김해,경남 김해,0
지능범죄,직권남용,경남,김해,경남 김해,0
지능범죄,증수뢰,경남,김해,경남 김해,1
지능범죄,통화,경남,김해,경남 김해,3
지능범죄,문서인장,경남,김해,경남 김해,105
지능범죄,유가증권인지,경남,김해,경남 김해,0
지능범죄,사기,경남,김해,경남 김해,4316
지능범죄,횡령,경남,김해,경남 김해,513
지능범죄,배임,경남,김해,경남 김해,49
풍속범죄,성풍속범죄,경남,김해,경남 김해,86
풍속범죄,도박범죄,경남,김해,경남 김해,60
특별경제범죄,특별경제범죄,경남,김해,경남 김해,492
마약범죄,마약범죄,경남,김해,경남 김해,123
보건범죄,보건범죄,경남,김해,경남 김해,144
환경범죄,환경범죄,경남,김해,경남 김해,123
교통범죄,교통범죄,경남,김해,경남 김해,4141
노동범죄,노동범죄,경남,김해,경남 김해,1
안보범죄,안보범죄,경남,김해,경남 김해,1
선거범죄,선거범죄,경남,김해,경남 김해,2
병역범죄,병역범죄,경남,김해,경남 김해,73
기타범죄,기타범죄,경남,김해,경남 김해,2380
강력범죄,살인기수,경남,밀양,경남 밀양,1
강력범죄,살인미수등,경남,밀양,경남 밀양,2
강력범죄,강도,경남,밀양,경남 밀양,0
강력범죄,강간,경남,밀양,경남 밀양,12
강력범죄,유사강간,경남,밀양,경남 밀양,1
강력범죄,강제추행,경남,밀양,경남 밀양,22
강력범죄,기타강간강제추행등,경남,밀양,경남 밀양,0
강력범죄,방화,경남,밀양,경남 밀양,4
절도범죄,절도범죄,경남,밀양,경남 밀양,300
폭력범죄,상해,경남,밀양,경남 밀양,140
폭력범죄,폭행,경남,밀양,경남 밀양,143
폭력범죄,체포감금,경남,밀양,경남 밀양,0
폭력범죄,협박,경남,밀양,경남 밀양,51
폭력범죄,약취유인,경남,밀양,경남 밀양,0
폭력범죄,폭력행위등,경남,밀양,경남 밀양,18
폭력범죄,공갈,경남,밀양,경남 밀양,5
폭력범죄,손괴,경남,밀양,경남 밀양,121
지능범죄,직무유기,경남,밀양,경남 밀양,6
지능범죄,직권남용,경남,밀양,경남 밀양,4
지능범죄,증수뢰,경남,밀양,경남 밀양,1
지능범죄,통화,경남,밀양,경남 밀양,0
지능범죄,문서인장,경남,밀양,경남 밀양,31
지능범죄,유가증권인지,경남,밀양,경남 밀양,0
지능범죄,사기,경남,밀양,경남 밀양,621
지능범죄,횡령,경남,밀양,경남 밀양,69
지능범죄,배임,경남,밀양,경남 밀양,11
풍속범죄,성풍속범죄,경남,밀양,경남 밀양,11
풍속범죄,도박범죄,경남,밀양,경남 밀양,10
특별경제범죄,특별경제범죄,경남,밀양,경남 밀양,68
마약범죄,마약범죄,경남,밀양,경남 밀양,37
보건범죄,보건범죄,경남,밀양,경남 밀양,34
환경범죄,환경범죄,경남,밀양,경남 밀양,34
교통범죄,교통범죄,경남,밀양,경남 밀양,862
노동범죄,노동범죄,경남,밀양,경남 밀양,0
안보범죄,안보범죄,경남,밀양,경남 밀양,0
선거범죄,선거범죄,경남,밀양,경남 밀양,0
병역범죄,병역범죄,경남,밀양,경남 밀양,17
기타범죄,기타범죄,경남,밀양,경남 밀양,381
강력범죄,살인기수,경남,사천,경남 사천,0
강력범죄,살인미수등,경남,사천,경남 사천,3
강력범죄,강도,경남,사천,경남 사천,0
강력범죄,강간,경남,사천,경남 사천,9
강력범죄,유사강간,경남,사천,경남 사천,0
강력범죄,강제추행,경남,사천,경남 사천,23
강력범죄,기타강간강제추행등,경남,사천,경남 사천,1
강력범죄,방화,경남,사천,경남 사천,1
절도범죄,절도범죄,경남,사천,경남 사천,273
폭력범죄,상해,경남,사천,경남 사천,165
폭력범죄,폭행,경남,사천,경남 사천,318
폭력범죄,체포감금,경남,사천,경남 사천,7
폭력범죄,협박,경남,사천,경남 사천,47
폭력범죄,약취유인,경남,사천,경남 사천,0
폭력범죄,폭력행위등,경남,사천,경남 사천,22
폭력범죄,공갈,경남,사천,경남 사천,6
폭력범죄,손괴,경남,사천,경남 사천,100
지능범죄,직무유기,경남,사천,경남 사천,2
지능범죄,직권남용,경남,사천,경남 사천,2
지능범죄,증수뢰,경남,사천,경남 사천,2
지능범죄,통화,경남,사천,경남 사천,0
지능범죄,문서인장,경남,사천,경남 사천,24
지능범죄,유가증권인지,경남,사천,경남 사천,0
지능범죄,사기,경남,사천,경남 사천,626
지능범죄,횡령,경남,사천,경남 사천,128
지능범죄,배임,경남,사천,경남 사천,10
풍속범죄,성풍속범죄,경남,사천,경남 사천,13
풍속범죄,도박범죄,경남,사천,경남 사천,4
특별경제범죄,특별경제범죄,경남,사천,경남 사천,81
마약범죄,마약범죄,경남,사천,경남 사천,33
보건범죄,보건범죄,경남,사천,경남 사천,18
환경범죄,환경범죄,경남,사천,경남 사천,15
교통범죄,교통범죄,경남,사천,경남 사천,1016
노동범죄,노동범죄,경남,사천,경남 사천,1
안보범죄,안보범죄,경남,사천,경남 사천,0
선거범죄,선거범죄,경남,사천,경남 사천,5
병역범죄,병역범죄,경남,사천,경남 사천,7
기타범죄,기타범죄,경남,사천,경남 사천,846
강력범죄,살인기수,경남,양산,경남 양산,1
강력범죄,살인미수등,경남,양산,경남 양산,3
강력범죄,강도,경남,양산,경남 양산,6
강력범죄,강간,경남,양산,경남 양산,25
강력범죄,유사강간,경남,양산,경남 양산,4
강력범죄,강제추행,경남,양산,경남 양산,61
강력범죄,기타강간강제추행등,경남,양산,경남 양산,2
강력범죄,방화,경남,양산,경남 양산,9
절도범죄,절도범죄,경남,양산,경남 양산,1278
폭력범죄,상해,경남,양산,경남 양산,291
폭력범죄,폭행,경남,양산,경남 양산,896
폭력범죄,체포감금,경남,양산,경남 양산,7
폭력범죄,협박,경남,양산,경남 양산,123
폭력범죄,약취유인,경남,양산,경남 양산,2
폭력범죄,폭력행위등,경남,양산,경남 양산,58
폭력범죄,공갈,경남,양산,경남 양산,33
폭력범죄,손괴,경남,양산,경남 양산,284
지능범죄,직무유기,경남,양산,경남 양산,3
지능범죄,직권남용,경남,양산,경남 양산,1
지능범죄,증수뢰,경남,양산,경남 양산,1
지능범죄,통화,경남,양산,경남 양산,1
지능범죄,문서인장,경남,양산,경남 양산,71
지능범죄,유가증권인지,경남,양산,경남 양산,0
지능범죄,사기,경남,양산,경남 양산,1899
지능범죄,횡령,경남,양산,경남 양산,216
지능범죄,배임,경남,양산,경남 양산,20
풍속범죄,성풍속범죄,경남,양산,경남 양산,39
풍속범죄,도박범죄,경남,양산,경남 양산,13
특별경제범죄,특별경제범죄,경남,양산,경남 양산,321
마약범죄,마약범죄,경남,양산,경남 양산,39
보건범죄,보건범죄,경남,양산,경남 양산,67
환경범죄,환경범죄,경남,양산,경남 양산,18
교통범죄,교통범죄,경남,양산,경남 양산,3472
노동범죄,노동범죄,경남,양산,경남 양산,3
안보범죄,안보범죄,경남,양산,경남 양산,0
선거범죄,선거범죄,경남,양산,경남 양산,3
병역범죄,병역범죄,경남,양산,경남 양산,150
기타범죄,기타범죄,경남,양산,경남 양산,1099
강력범죄,살인기수,경남,진주,경남 진주,2
강력범죄,살인미수등,경남,진주,경남 진주,2
강력범죄,강도,경남,진주,경남 진주,3
강력범죄,강간,경남,진주,경남 진주,28
강력범죄,유사강간,경남,진주,경남 진주,8
강력범죄,강제추행,경남,진주,경남 진주,74
강력범죄,기타강간강제추행등,경남,진주,경남 진주,3
강력범죄,방화,경남,진주,경남 진주,5
절도범죄,절도범죄,경남,진주,경남 진주,1605
폭력범죄,상해,경남,진주,경남 진주,319
폭력범죄,폭행,경남,진주,경남 진주,765
폭력범죄,체포감금,경남,진주,경남 진주,3
폭력범죄,협박,경남,진주,경남 진주,137
폭력범죄,약취유인,경남,진주,경남 진주,1
폭력범죄,폭력행위등,경남,진주,경남 진주,38
폭력범죄,공갈,경남,진주,경남 진주,18
폭력범죄,손괴,경남,진주,경남 진주,390
지능범죄,직무유기,경남,진주,경남 진주,3
지능범죄,직권남용,경남,진주,경남 진주,5
지능범죄,증수뢰,경남,진주,경남 진주,0
지능범죄,통화,경남,진주,경남 진주,1
지능범죄,문서인장,경남,진주,경남 진주,86
지능범죄,유가증권인지,경남,진주,경남 진주,0
지능범죄,사기,경남,진주,경남 진주,1856
지능범죄,횡령,경남,진주,경남 진주,205
지능범죄,배임,경남,진주,경남 진주,32
풍속범죄,성풍속범죄,경남,진주,경남 진주,57
풍속범죄,도박범죄,경남,진주,경남 진주,35
특별경제범죄,특별경제범죄,경남,진주,경남 진주,322
마약범죄,마약범죄,경남,진주,경남 진주,68
보건범죄,보건범죄,경남,진주,경남 진주,108
환경범죄,환경범죄,경남,진주,경남 진주,26
교통범죄,교통범죄,경남,진주,경남 진주,1773
노동범죄,노동범죄,경남,진주,경남 진주,0
안보범죄,안보범죄,경남,진주,경남 진주,0
선거범죄,선거범죄,경남,진주,경남 진주,15
병역범죄,병역범죄,경남,진주,경남 진주,51
기타범죄,기타범죄,경남,진주,경남 진주,1063
강력범죄,살인기수,경남,창원,경남 창원,8
강력범죄,살인미수등,경남,창원,경남 창원,10
강력범죄,강도,경남,창원,경남 창원,10
강력범죄,강간,경남,창원,경남 창원,92
강력범죄,유사강간,경남,창원,경남 창원,11
강력범죄,강제추행,경남,창원,경남 창원,257
강력범죄,기타강간강제추행등,경남,창원,경남 창원,6
강력범죄,방화,경남,창원,경남 창원,19
절도범죄,절도범죄,경남,창원,경남 창원,3699
폭력범죄,상해,경남,창원,경남 창원,964
폭력범죄,폭행,경남,창원,경남 창원,2763
폭력범죄,체포감금,경남,창원,경남 창원,15
폭력범죄,협박,경남,창원,경남 창원,327
폭력범죄,약취유인,경남,창원,경남 창원,7
폭력범죄,폭력행위등,경남,창원,경남 창원,146
폭력범죄,공갈,경남,창원,경남 창원,102
폭력범죄,손괴,경남,창원,경남 창원,1038
지능범죄,직무유기,경남,창원,경남 창원,15
지능범죄,직권남용,경남,창원,경남 창원,18
지능범죄,증수뢰,경남,창원,경남 창원,7
지능범죄,통화,경남,창원,경남 창원,5
지능범죄,문서인장,경남,창원,경남 창원,237
지능범죄,유가증권인지,경남,창원,경남 창원,2
지능범죄,사기,경남,창원,경남 창원,6456
지능범죄,횡령,경남,창원,경남 창원,834
지능범죄,배임,경남,창원,경남 창원,88
풍속범죄,성풍속범죄,경남,창원,경남 창원,209
풍속범죄,도박범죄,경남,창원,경남 창원,95
특별경제범죄,특별경제범죄,경남,창원,경남 창원,996
마약범죄,마약범죄,경남,창원,경남 창원,181
보건범죄,보건범죄,경남,창원,경남 창원,255
환경범죄,환경범죄,경남,창원,경남 창원,86
교통범죄,교통범죄,경남,창원,경남 창원,6216
노동범죄,노동범죄,경남,창원,경남 창원,2
안보범죄,안보범죄,경남,창원,경남 창원,1
선거범죄,선거범죄,경남,창원,경남 창원,15
병역범죄,병역범죄,경남,창원,경남 창원,126
기타범죄,기타범죄,경남,창원,경남 창원,4709
강력범죄,살인기수,경남,통영,경남 통영,0
강력범죄,살인미수등,경남,통영,경남 통영,3
강력범죄,강도,경남,통영,경남 통영,4
강력범죄,강간,경남,통영,경남 통영,8
강력범죄,유사강간,경남,통영,경남 통영,2
강력범죄,강제추행,경남,통영,경남 통영,34
강력범죄,기타강간강제추행등,경남,통영,경남 통영,4
강력범죄,방화,경남,통영,경남 통영,3
절도범죄,절도범죄,경남,통영,경남 통영,466
폭력범죄,상해,경남,통영,경남 통영,267
폭력범죄,폭행,경남,통영,경남 통영,374
폭력범죄,체포감금,경남,통영,경남 통영,1
폭력범죄,협박,경남,통영,경남 통영,56
폭력범죄,약취유인,경남,통영,경남 통영,0
폭력범죄,폭력행위등,경남,통영,경남 통영,37
폭력범죄,공갈,경남,통영,경남 통영,12
폭력범죄,손괴,경남,통영,경남 통영,122
지능범죄,직무유기,경남,통영,경남 통영,0
지능범죄,직권남용,경남,통영,경남 통영,3
지능범죄,증수뢰,경남,통영,경남 통영,1
지능범죄,통화,경남,통영,경남 통영,1
지능범죄,문서인장,경남,통영,경남 통영,34
지능범죄,유가증권인지,경남,통영,경남 통영,1
지능범죄,사기,경남,통영,경남 통영,1176
지능범죄,횡령,경남,통영,경남 통영,109
지능범죄,배임,경남,통영,경남 통영,19
풍속범죄,성풍속범죄,경남,통영,경남 통영,22
풍속범죄,도박범죄,경남,통영,경남 통영,27
특별경제범죄,특별경제범죄,경남,통영,경남 통영,84
마약범죄,마약범죄,경남,통영,경남 통영,18
보건범죄,보건범죄,경남,통영,경남 통영,36
환경범죄,환경범죄,경남,통영,경남 통영,22
교통범죄,교통범죄,경남,통영,경남 통영,1262
노동범죄,노동범죄,경남,통영,경남 통영,1
안보범죄,안보범죄,경남,통영,경남 통영,0
선거범죄,선거범죄,경남,통영,경남 통영,8
병역범죄,병역범죄,경남,통영,경남 통영,21
기타범죄,기타범죄,경남,통영,경남 통영,2925
강력범죄,살인기수,제주,서귀포,제주 서귀포,1
강력범죄,살인미수등,제주,서귀포,제주 서귀포,3
강력범죄,강도,제주,서귀포,제주 서귀포,7
강력범죄,강간,제주,서귀포,제주 서귀포,16
강력범죄,유사강간,제주,서귀포,제주 서귀포,4
강력범죄,강제추행,제주,서귀포,제주 서귀포,74
강력범죄,기타강간강제추행등,제주,서귀포,제주 서귀포,3
강력범죄,방화,제주,서귀포,제주 서귀포,10
절도범죄,절도범죄,제주,서귀포,제주 서귀포,907
폭력범죄,상해,제주,서귀포,제주 서귀포,283
폭력범죄,폭행,제주,서귀포,제주 서귀포,501
폭력범죄,체포감금,제주,서귀포,제주 서귀포,1
폭력범죄,협박,제주,서귀포,제주 서귀포,89
폭력범죄,약취유인,제주,서귀포,제주 서귀포,2
폭력범죄,폭력행위등,제주,서귀포,제주 서귀포,50
폭력범죄,공갈,제주,서귀포,제주 서귀포,24
폭력범죄,손괴,제주,서귀포,제주 서귀포,354
지능범죄,직무유기,제주,서귀포,제주 서귀포,4
지능범죄,직권남용,제주,서귀포,제주 서귀포,3
지능범죄,증수뢰,제주,서귀포,제주 서귀포,1
지능범죄,통화,제주,서귀포,제주 서귀포,0
지능범죄,문서인장,제주,서귀포,제주 서귀포,31
지능범죄,유가증권인지,제주,서귀포,제주 서귀포,0
지능범죄,사기,제주,서귀포,제주 서귀포,1143
지능범죄,횡령,제주,서귀포,제주 서귀포,201
지능범죄,배임,제주,서귀포,제주 서귀포,21
풍속범죄,성풍속범죄,제주,서귀포,제주 서귀포,39
풍속범죄,도박범죄,제주,서귀포,제주 서귀포,25
특별경제범죄,특별경제범죄,제주,서귀포,제주 서귀포,172
마약범죄,마약범죄,제주,서귀포,제주 서귀포,4
보건범죄,보건범죄,제주,서귀포,제주 서귀포,40
환경범죄,환경범죄,제주,서귀포,제주 서귀포,22
교통범죄,교통범죄,제주,서귀포,제주 서귀포,1895
노동범죄,노동범죄,제주,서귀포,제주 서귀포,18
안보범죄,안보범죄,제주,서귀포,제주 서귀포,0
선거범죄,선거범죄,제주,서귀포,제주 서귀포,8
병역범죄,병역범죄,제주,서귀포,제주 서귀포,74
기타범죄,기타범죄,제주,서귀포,제주 서귀포,1453
강력범죄,살인기수,제주,제주,제주 제주,7
강력범죄,살인미수등,제주,제주,제주 제주,9
강력범죄,강도,제주,제주,제주 제주,14
강력범죄,강간,제주,제주,제주 제주,83
강력범죄,유사강간,제주,제주,제주 제주,3
강력범죄,강제추행,제주,제주,제주 제주,216
강력범죄,기타강간강제추행등,제주,제주,제주 제주,6
강력범죄,방화,제주,제주,제주 제주,20
절도범죄,절도범죄,제주,제주,제주 제주,2325
폭력범죄,상해,제주,제주,제주 제주,494
폭력범죄,폭행,제주,제주,제주 제주,1849
폭력범죄,체포감금,제주,제주,제주 제주,25
폭력범죄,협박,제주,제주,제주 제주,346
폭력범죄,약취유인,제주,제주,제주 제주,3
폭력범죄,폭력행위등,제주,제주,제주 제주,120
폭력범죄,공갈,제주,제주,제주 제주,62
폭력범죄,손괴,제주,제주,제주 제주,944
지능범죄,직무유기,제주,제주,제주 제주,3
지능범죄,직권남용,제주,제주,제주 제주,9
지능범죄,증수뢰,제주,제주,제주 제주,1
지능범죄,통화,제주,제주,제주 제주,5
지능범죄,문서인장,제주,제주,제주 제주,116
지능범죄,유가증권인지,제주,제주,제주 제주,2
지능범죄,사기,제주,제주,제주 제주,3184
지능범죄,횡령,제주,제주,제주 제주,565
지능범죄,배임,제주,제주,제주 제주,63
풍속범죄,성풍속범죄,제주,제주,제주 제주,154
풍속범죄,도박범죄,제주,제주,제주 제주,76
특별경제범죄,특별경제범죄,제주,제주,제주 제주,670
마약범죄,마약범죄,제주,제주,제주 제주,22
보건범죄,보건범죄,제주,제주,제주 제주,55
환경범죄,환경범죄,제주,제주,제주 제주,24
교통범죄,교통범죄,제주,제주,제주 제주,5147
노동범죄,노동범죄,제주,제주,제주 제주,37
안보범죄,안보범죄,제주,제주,제주 제주,0
선거범죄,선거범죄,제주,제주,제주 제주,4
병역범죄,병역범죄,제주,제주,제주 제주,121
기타범죄,기타범죄,제주,제주,제주 제주,3327
